"""company""","""creation_date""","""approve_date""","""closed_date""","""po_no""","""po_status""","""line_num""","""line_type""","""item_number""","""item_description""","""inventory_type""","""main_category""","""group_category""","""sub_group_category""","""sub_sub_group_category""","""uom""","""buyer_name""","""vendor_no""","""vendor_name""","""payment_term""","""vendor_site_code""","""closed_code""","""header_cancel""","""line_cancel""","""quantity_received""","""quantity_accepted""","""quantity_rejected""","""quantity_cancelled""","""currency_code""","""rate""","""quantity""","""unit_price""","""amount""","""amount_egp"""
ASF,2019-06-27 00:00:00,2019-08-06 00:00:00,2019-09-26 12:24:16,190394,Approved,1,Goods,4030305944,"Ring, scatter ring, diameter 5860/6200, thickness 25 mm, pos. no. 03.04.01.20, material hardox 400, weight 52 kg, according to dwg. No. 13002633, for OK cement mill dam ring",Wear parts,Mechanical items,mechanical items for cement grinding area (500),Scatter ring for cement mill dam ring,,Each,Buyer_05,9019,Vendor_059,14 days,Site_066,CLOSED,Valid,Valid,24,24,0,0,EGP,1,24,3700,88800,88800
EGYLUX,2019-06-27 00:00:00,2019-07-18 00:00:00,2019-09-03 11:57:43,190395,Approved,1,Goods,3060411366,"Pump, centrifugal, water, type 3LM 50-200/11 , casing and impeller material stainless steel 316, supplier EBARA, Q 55 m3/hr, H 43 m, complete with motor, IP 55, Class F, 11 KW, 380 V, 50 Hz",Spare parts,Mechanical items,mechanical items for utilities area (700),Pump,,Each,Buyer_03,9068,Vendor_122,14 days,Site_045,CLOSED,Valid,Valid,2,2,0,0,EGP,1,2,26220,52440,52440
ESCC,2019-06-27 00:00:00,2019-07-10 00:00:00,2019-07-31 16:52:24,190396,Approved,1,Goods,3030201129,"Belt, V-belt type, SPB 1250",Spare parts,Mechanical items,V-belt items,V-belt,,Each,Buyer_03,9079,Vendor_111,14 days,Site_046,CLOSED,Valid,Valid,6,6,0,0,EGP,1,6,86,516,516
ASF,2019-06-27 00:00:00,2019-07-30 00:00:00,2019-11-04 15:50:53,190397,Approved,1,Goods,3040209714,"Valve, directional control valve, type DG17V-3-6N-60, supplier SPERRY VICKERS, for extractor, Hydraulic unit, SPL 50030937, item no.06.03.01.04, for hammer crusher 111.HC100",Spare parts,Mechanical items,mechanical items for raw materials handling area (100),Valve,,Each,Buyer_03,9099,Vendor_112,14 days,Site_080,CLOSED,Valid,Valid,1,1,0,0,EGP,1,1,5320,5320,5320
ASF,2019-06-26 00:00:00,2019-07-30 00:00:00,2019-12-03 16:04:57,190384,Approved,1,Direct,,"Rod, round, diameter 090 mm, recommended length 1000 mm, material phosfor bronz.",,,,Brass for control gate.,,Each,Buyer_01,9124,Vendor_134,Immediate,Site_016,CLOSED,Valid,Valid,1,1,0,0,EGP,1,1,9690,9690,9690
EGYLUX,2019-06-26 00:00:00,,,190385,Rejected,1,Direct,,"Disc, cutting, 9 in, material stainless steel.",,,,Stainless cutting disc.,,Each,Buyer_05,9017,Vendor_058,14 days,Site_043,OPEN,Valid,Valid,0,0,0,0,EGP,1,10,26.2,262,262
ESCC,2019-06-26 00:00:00,2019-07-30 00:00:00,2019-09-17 13:56:20,190386,Approved,1,Goods,3059906403,"Belt, conveyor type PN 20-A, PVC, width 650 mm, closed, length 2380 mm, thick. 4 mm, three plies, without bottom cover, with rubber guide in bottom side, pos. no. 4, code 800162D, for bags cleaning units, for new packing area",Spare parts,Mechanical items,mechanical items for cement storage and dispatch area (600),PVC belts for packing area.,,Each,Buyer_01,9106,Vendor_054,,Site_107,CLOSED,Valid,Valid,6,6,0,0,EGP,1,6,925,5550,5550
ESCC,2019-06-26 00:00:00,2019-07-30 00:00:00,2019-08-20 15:25:10,190387,Approved,1,Goods,3130203615,"Thermocouple, Type K, Length 1000mm, Hollow Bar SS446, OD 22mm, ID 9mm, element size 8mm, with transmitter TH300, output 4-20mA, for temperature range 0-1000C.",Spare parts,Electrical items,Instrumentation,Thermocouple type K,,Each,Buyer_06,9078,Vendor_133,14 days,Site_061,CLOSED,Valid,Valid,8,8,0,0,EGP,1,8,1360,10880,10880
ASF,2019-06-26 00:00:00,2019-08-06 00:00:00,2020-09-30 16:07:07,190388,Approved,1,Direct,,"Maintennace of elelment of compressor 741-CP110, Manufacturer: ATLAS COPCO, type: GA 132- , 8.5 bar, serial no. S99698901",,,,Maintenance of element of atlas copco compressor.,,Kit,Buyer_01,9122,Vendor_039,"50% against LG, 50% after Delivery",Site_109,CLOSED,Valid,Valid,1,1,0,0,EGP,1,1,118000,118000,118000
EMAS,2019-06-26 00:00:00,2019-07-30 00:00:00,2019-08-05 13:19:58,190389,Approved,1,Goods,4990603764,"Cleaner, type JAW-2005 (SB), 10089-901-01/71000725, batch no. 1109-319, supplier Matthews, for printing machine for packing area",Production supplies,Production supplies,Production supplies,Cleaner,,Litre,Buyer_03,9167,Vendor_166,30 days,Site_094,CLOSED,Valid,Valid,120,120,0,0,EGP,1,120,45,5400,5400
ASF,2019-06-26 00:00:00,2019-07-30 00:00:00,2020-01-14 10:09:59,190390,Approved,1,Direct,,"Battery for UPS, type 12FLB250, 70 Ah, 12V, dimension 272X166X195 mm,  brand FIAMM.",,,,Battery for UPS,,Each,Buyer_06,9152,Vendor_070,21 days,Site_088,CLOSED,Valid,Valid,30,30,0,0,EGP,1,30,3757.775,112733.25,112733.25
ASF,2019-06-26 00:00:00,2019-07-30 00:00:00,2020-02-06 14:46:47,190391,Approved,1,Goods,3109911361,"Battery, for UPS, type HRL 1234W F2FR, 12V, dimension 150.9 x 94.3 x 64.8 mm.",Spare parts,Electrical items,Electrical Miscellaneous,Batteries of UPS,,Each,Buyer_06,9152,Vendor_070,21 days,Site_088,CLOSED,Valid,Valid,264,264,0,0,EGP,1,264,377.255,99595.32,99595.32
ASF,2019-06-26 00:00:00,2019-07-04 00:00:00,2019-07-15 12:01:33,190392,Approved,1,Direct,,"LCD monitor ""DELL"" MODEL 2007FPb 20""or equivalent",,,,Monitors,,Each,Buyer_07,9158,Vendor_126,30 days,Site_048,CLOSED,Valid,Valid,2,2,0,0,EGP,1,2,1381.57,2763.14,2763.14
ASF,2019-06-26 00:00:00,2019-07-04 00:00:00,2019-07-15 12:01:33,190392,Approved,2,Direct,,"LCD monitor ""DELL"" MODEL 2007FPb 20""or equivalent",,,,Monitors,,Each,Buyer_07,9158,Vendor_126,30 days,Site_048,CLOSED,Valid,Valid,2,2,0,0,EGP,1,2,1381.57,2763.14,2763.14
EGYLUX,2019-06-26 00:00:00,2019-07-02 00:00:00,2019-07-18 10:20:39,190393,Approved,1,Capex,,HP LaserJet 1102 ( Fixing Film & D-Shape ),,,,Maintenance,,Each,Buyer_07,9149,Vendor_119,Immediate,Site_017,CLOSED,Valid,Valid,1,1,0,0,EGP,1,1,350,350,350
ESCC,2019-06-26 00:00:00,2019-07-02 00:00:00,2019-07-18 10:20:39,190393,Approved,2,Capex,,HP LaserJet 2035 ( Fixing Film & D-Shape ),,,,Maintenance,,Each,Buyer_07,9149,Vendor_119,Immediate,Site_017,CLOSED,Valid,Valid,1,1,0,0,EGP,1,1,500,500,500
EGYLUX,2019-06-26 00:00:00,2019-07-02 00:00:00,2019-07-18 10:20:39,190393,Approved,3,Capex,,HP LaserJet 2035 ( Fixing Film & D-Shape),,,,Maintenance,,Each,Buyer_07,9149,Vendor_119,Immediate,Site_017,CLOSED,Valid,Valid,1,1,0,0,EGP,1,1,500,500,500
EGYLUX,2019-06-26 00:00:00,2019-07-02 00:00:00,2019-07-18 10:20:39,190393,Approved,4,Capex,,HP LaserJet 4015 ( Maintenance Kit),,,,Maintenance,,Each,Buyer_07,9149,Vendor_119,Immediate,Site_017,CLOSED,Valid,Valid,1,1,0,0,EGP,1,1,2600,2600,2600
EGYLUX,2019-06-26 00:00:00,2019-07-02 00:00:00,2019-07-18 10:20:39,190393,Approved,5,Capex,,HP ScanJet g2410 ( Full Maintenance ),,,,Maintenance,,Each,Buyer_07,9149,Vendor_119,Immediate,Site_017,CLOSED,Valid,Valid,1,1,0,0,EGP,1,1,300,300,300
ASF,2019-06-25 00:00:00,2019-10-17 00:00:00,2020-07-22 10:52:10,190382,Approved,1,Goods,4030202096,"Segment, wearing, modified material sintercast, according to dwg.10063924, FLS code (XF-2266), weight 885 kg, for rollers of  atox mill",Wear parts,Wear parts,mechanical items for raw meal production area (300),Rollers Segment,,Each,Buyer_04,9059,Vendor_013,,Site_020,CLOSED,Valid,Valid,36,36,0,0,EUR,18.7949,36,4200,151200,2841788.88
EMAS,2019-06-25 00:00:00,2019-08-22 00:00:00,2019-10-02 14:38:33,190383,Approved,1,Direct,,grinding machine 9 inch (bosch,,,,Grinding machine.,,Each,Buyer_05,9001,Vendor_087,14 days,Site_072,CLOSED,Valid,Valid,1,1,0,0,EGP,1,1,1600,1600,1600
ESCC,2019-06-24 00:00:00,2019-07-10 00:00:00,2019-08-05 12:31:02,190378,Approved,1,Goods,4060203003,"Oil, DTE 25",Lubricants,Lubricants,Lubricants,Lubricant & Grease,,Litre,Buyer_04,9025,Vendor_141,,Site_078,CLOSED,Valid,Valid,2080,2080,0,0,EGP,1,2080,31.83,66206.4,66206.4
EMAS,2019-06-24 00:00:00,2019-07-10 00:00:00,2019-08-05 12:31:02,190378,Approved,2,Goods,4060203012,"Oil, Mobilgear 600 XP 680",Lubricants,Lubricants,Lubricants,Lubricant & Grease,,Litre,Buyer_04,9025,Vendor_141,,Site_078,CLOSED,Valid,Valid,624,624,0,0,EGP,1,624,43.72,27281.28,27281.28
EGYLUX,2019-06-24 00:00:00,2019-07-10 00:00:00,2019-08-05 12:31:02,190378,Approved,3,Goods,4060203014,"Oil, SHC 630",Lubricants,Lubricants,Lubricants,Lubricant & Grease,,Litre,Buyer_04,9025,Vendor_141,,Site_078,CLOSED,Valid,Valid,200,200,0,0,EGP,1,200,221,44200,44200
EGYLUX,2019-06-24 00:00:00,2019-07-10 00:00:00,2019-08-05 12:31:02,190378,Approved,4,Goods,4060103022,"Grease, Mobilux EP 2",Lubricants,Lubricants,Lubricants,Lubricant & Grease,,Kilogram,Buyer_04,9025,Vendor_141,,Site_078,CLOSED,Valid,Valid,720,720,0,0,EGP,1,720,59,42480,42480
EMAS,2019-06-24 00:00:00,,,190379,Rejected,1,Goods,3131105223,"Speed monitor, rotational, MS24-112-R20-250, voltage supply 20-250 VAC, for bucket elevator, supplier TURCK.    ",Spare parts,Electrical items,Instrumentation,S-P,,Each,Buyer_04,9057,Vendor_006,,Site_022,OPEN,Valid,Valid,0,0,0,0,EUR,18.7949,3,1320,3960,74427.8
EMAS,2019-06-24 00:00:00,,,190379,Rejected,2,Goods,3131105220,"Switch, inductive proximity switch, type BIM-G18-Y1/S92, length 70mm, for bucket elevator, supplier TURCK BANNER.",Spare parts,Electrical items,Instrumentation,S-P,,Each,Buyer_04,9057,Vendor_006,,Site_022,OPEN,Valid,Valid,0,0,0,0,EUR,18.7949,3,582.8,1748.4,32861
EMAS,2019-06-24 00:00:00,2019-07-30 00:00:00,2019-10-15 14:39:15,190380,Approved,1,Goods,4080100194,"Electrode, welding, stainless steel, AWS A5.4-81, E 310-15, 3.25 mm wire diameter",Spare parts,Mechanical items,Welding materials,Stainless welding electrodes.,,Kilogram,Buyer_05,9035,Vendor_137,14 days,Site_066,CLOSED,Valid,Valid,25,25,0,0,EGP,1,25,335,8375,8375
EGYLUX,2019-06-24 00:00:00,2019-07-02 00:00:00,2019-07-17 12:09:30,190381,Approved,1,Capex,,New Hard  1 tera Western internal,,,,Hard desk for Laptop,,Each,Buyer_07,9161,Vendor_071,30 days,Site_053,CLOSED,Valid,Valid,1,1,0,0,EGP,1,1,890,890,890
EGYLUX,2019-06-20 00:00:00,2019-07-10 00:00:00,2019-08-22 16:29:30,190376,Approved,1,Goods,3060202056,"Kit, maintenance, 16000 h, part no. 2906098600, manufacture Atlas copco, for air compressor type GA 132W- 8,5 and type GA 110W- 8,5",Spare parts,Mechanical items,mechanical items for utilities area (700),Service kits for atlas copco compressors.,,Each,Buyer_01,9022,Vendor_023,30 days,Site_058,CLOSED,Valid,Valid,2,2,0,0,EGP,1,2,70000,140000,140000
ESCC,2019-06-20 00:00:00,2019-07-02 00:00:00,2020-11-30 12:45:42,190377,Approved,1,Capex,,SolidWork 2016 / Workshop CNC,,,,Solid work license,,Each,Buyer_07,9165,Vendor_146,,Site_015,CLOSED,Valid,Valid,1,1,0,0,USD,16.8564,1,4110,4110,69279.8
ESCC,2019-06-19 00:00:00,2019-06-26 00:00:00,2019-07-09 14:47:34,190375,Approved,1,Capex,,Printer LaserJet 4015n ( Fuser & chssis )/ Maintenance,,,,Supply spare parts,,Each,Buyer_07,9149,Vendor_119,Immediate,Site_017,CLOSED,Valid,Valid,1,1,0,0,EGP,1,1,2650,2650,2650
EGYLUX,2019-06-19 00:00:00,2019-06-26 00:00:00,2019-07-09 14:47:34,190375,Approved,2,Capex,,Printer laserJet 4015n ( Maintenance Kit ) / Maintenance,,,,Supply spare parts,,Each,Buyer_07,9149,Vendor_119,Immediate,Site_017,CLOSED,Valid,Valid,1,1,0,0,EGP,1,1,2950,2950,2950
EMAS,2019-06-18 00:00:00,2019-07-30 00:00:00,2019-11-12 10:38:14,190374,Approved,1,Goods,3059910233,"Housing, bearing,ESCC dwg.no. 0001779, material Aluminum,  for automatic checkweighers VENTOCHECK",Spare parts,Mechanical items,mechanical items for cement storage and dispatch area (600),Bearing housing.,,Each,Buyer_05,9093,Vendor_088,14 days,Site_064,CLOSED,Valid,Valid,4,4,0,0,EGP,1,4,1750,7000,7000
EMAS,2019-06-17 00:00:00,2019-08-22 00:00:00,,190372,Approved,1,Direct,,"Timer, Manufacturer: Finder, type: 8702 0 240 0000, 0.05 S to 60 h",,,,Timer,,Each,Buyer_06,9065,Vendor_128,Immediate,Site_061,OPEN,Valid,Valid,0,0,0,0,EGP,1,2,650,1300,1300
ESCC,2019-06-17 00:00:00,2019-07-03 00:00:00,2019-07-16 12:09:25,190373,Approved,1,Goods,4100504954,"Snap Lock, plastic for cement bulk",Spare parts,Workshop material,Workshop material,Snap Lock,,Each,Buyer_03,9102,Vendor_108,14 days,Site_061,CLOSED,Valid,Valid,12000,12000,0,0,EGP,1,12000,1.8,21600,21600
EGYLUX,2019-06-16 00:00:00,2019-06-19 00:00:00,2019-07-16 12:07:45,190371,Approved,1,Capex,,"Lenovo V520 TWR Intel? Core? i5-7500 Processor (6M Cache, 3 GHz) 8GB (2*4GB) DDR4-2400 1TB 7200 RPM Intel? Integrated Graphics DOS DVD+/-RW Drive 1Year Carry-in (Parallel Port, Serial Port, Internal Speaker)",,,,New Desktops,,Each,Buyer_07,9038,Vendor_003,30 days,Site_019,CLOSED,Valid,Valid,4,4,0,0,EGP,1,4,8157.89,32631.56,32631.56
ESCC,2019-06-13 00:00:00,2019-06-19 00:00:00,2019-07-09 14:51:21,190367,Approved,1,Capex,, ( board battery ( BIOS,,,,Accessories,,Each,Buyer_07,9113,Vendor_079,30 days,Site_008,CLOSED,Valid,Valid,8,8,0,0,EGP,1,8,6.14,49.12,49.12
ESCC,2019-06-13 00:00:00,2019-06-19 00:00:00,2019-07-09 14:51:21,190367,Approved,2,Capex,,CD Packet 50,,,,Accessories,,Each,Buyer_07,9113,Vendor_079,30 days,Site_008,CLOSED,Valid,Valid,1,0,1,0,EGP,1,1,114.03,114.03,114.03
ASF,2019-06-13 00:00:00,2019-06-19 00:00:00,2019-07-09 14:51:21,190367,Approved,3,Capex,,DVD External,,,,Accessories,,Each,Buyer_07,9113,Vendor_079,30 days,Site_008,CLOSED,Valid,Valid,2,2,0,0,EGP,1,2,416.66,833.32,833.32
ASF,2019-06-13 00:00:00,2019-06-19 00:00:00,2019-07-09 14:51:21,190367,Approved,4,Capex,,DVD Packet,,,,Accessories,,Each,Buyer_07,9113,Vendor_079,30 days,Site_008,CLOSED,Valid,Valid,1,1,0,0,EGP,1,1,131.57,131.57,131.57
ASF,2019-06-13 00:00:00,2019-06-19 00:00:00,2019-07-09 14:51:21,190367,Approved,5,Capex,,Flash Memory 32 Giga,,,,Accessories,,Each,Buyer_07,9113,Vendor_079,30 days,Site_008,CLOSED,Valid,Valid,2,2,0,0,EGP,1,2,96.49,192.98,192.98
EMAS,2019-06-13 00:00:00,2019-06-19 00:00:00,2019-07-09 14:51:21,190367,Approved,6,Capex,,Hard Disk 1 Tera External,,,,Accessories,,Each,Buyer_07,9113,Vendor_079,30 days,Site_008,CLOSED,Valid,Valid,1,1,0,0,EGP,1,1,833.33,833.33,833.33
EGYLUX,2019-06-13 00:00:00,2019-06-19 00:00:00,2019-07-09 14:51:21,190367,Approved,7,Capex,,Plower,,,,Accessories,,Each,Buyer_07,9113,Vendor_079,30 days,Site_008,CLOSED,Valid,Valid,1,1,0,0,EGP,1,1,157.89,157.89,157.89
EGYLUX,2019-06-13 00:00:00,2019-06-19 00:00:00,2019-07-09 14:51:21,190367,Approved,8,Capex,,Power Cable for desktop,,,,Accessories,,Each,Buyer_07,9113,Vendor_079,30 days,Site_008,CLOSED,Valid,Valid,3,3,0,0,EGP,1,3,13.15,39.45,39.45
EGYLUX,2019-06-13 00:00:00,2019-06-19 00:00:00,2019-07-09 14:51:45,190368,Approved,1,Capex,,35A,,,,Toner,,Each,Buyer_07,9113,Vendor_079,30 days,Site_008,CLOSED,Valid,Valid,8,8,0,0,EGP,1,8,87.71,701.68,701.68
EGYLUX,2019-06-13 00:00:00,2019-06-19 00:00:00,2019-07-09 14:51:45,190368,Approved,2,Capex,,64A,,,,Toner,,Each,Buyer_07,9113,Vendor_079,30 days,Site_008,CLOSED,Valid,Valid,15,15,0,0,EGP,1,15,307.01,4605.15,4605.15
ASF,2019-06-13 00:00:00,2019-06-19 00:00:00,2019-07-09 14:51:45,190368,Approved,3,Capex,,78A,,,,Toner,,Each,Buyer_07,9113,Vendor_079,30 days,Site_008,CLOSED,Valid,Valid,6,6,0,0,EGP,1,6,87.71,526.26,526.26
EMAS,2019-06-13 00:00:00,2019-06-19 00:00:00,2019-07-09 14:51:45,190368,Approved,4,Capex,,83A,,,,Toner,,Each,Buyer_07,9113,Vendor_079,30 days,Site_008,CLOSED,Valid,Valid,3,3,0,0,EGP,1,3,87.71,263.13,263.13
EMAS,2019-06-13 00:00:00,2019-06-19 00:00:00,2019-07-09 14:51:45,190368,Approved,5,Capex,,85A,,,,Toner,,Each,Buyer_07,9113,Vendor_079,30 days,Site_008,CLOSED,Valid,Valid,3,3,0,0,EGP,1,3,87.71,263.13,263.13
ASF,2019-06-13 00:00:00,2019-06-19 00:00:00,2019-07-04 12:01:25,190369,Approved,1,Capex,,maintenance for 2 printer 4015,,,,supply spare parts,,Each,Buyer_07,9149,Vendor_119,30 days,Site_017,CLOSED,Valid,Valid,2,2,0,0,EGP,1,2,2400,4800,4800
EMAS,2019-06-13 00:00:00,2019-06-19 00:00:00,2019-07-18 14:16:38,190370,Approved,1,Capex,,05A,,,,Toner,,Each,Buyer_07,9168,Vendor_148,30 days,Site_066,CLOSED,Valid,Valid,15,15,0,0,EGP,1,15,87.71,1315.65,1315.65
ASF,2019-06-13 00:00:00,2019-06-19 00:00:00,2019-07-18 14:16:38,190370,Approved,2,Capex,,17A,,,,Toner,,Each,Buyer_07,9168,Vendor_148,30 days,Site_066,CLOSED,Valid,Valid,6,6,0,0,EGP,1,6,302.63,1815.78,1815.78
EGYLUX,2019-06-13 00:00:00,2019-06-19 00:00:00,2019-07-18 14:16:38,190370,Approved,3,Capex,,19A,,,,Toner,,Each,Buyer_07,9168,Vendor_148,30 days,Site_066,CLOSED,Valid,Valid,2,2,0,0,EGP,1,2,464.91,929.82,929.82
ASF,2019-06-13 00:00:00,2019-06-19 00:00:00,2019-07-18 14:16:38,190370,Approved,4,Capex,,81A,,,,Toner,,Each,Buyer_07,9168,Vendor_148,30 days,Site_066,CLOSED,Valid,Valid,12,12,0,0,EGP,1,12,412.28,4947.36,4947.36
EGYLUX,2019-06-12 00:00:00,2019-08-22 00:00:00,2020-02-06 14:46:02,190359,Approved,1,Goods,3021300973,"Sleeve, withdrawal ,AOH3164 G",Spare parts,Bearings,Bearings,Bearing for rotor of limestone crusher.,,Each,Buyer_01,9034,Vendor_064,30 days,Site_045,CLOSED,Valid,Valid,1,1,0,0,EGP,1,1,20500,20500,20500
EGYLUX,2019-06-12 00:00:00,2019-08-22 00:00:00,2020-02-06 14:46:02,190359,Approved,2,Goods,3020900828,"Bearing, 23164 CCK/W33/C3",Spare parts,Bearings,Bearings,Bearing for rotor of limestone crusher.,,Each,Buyer_01,9034,Vendor_064,30 days,Site_045,CLOSED,Valid,Valid,1,1,0,0,EGP,1,1,68000,68000,68000
ESCC,2019-06-12 00:00:00,2019-07-30 00:00:00,2019-10-15 15:16:37,190360,Approved,1,Goods,3010901044,"Seal, for bearing housing, TSN 524 G",Spare parts,Bearings,Bearings,Bearing PR.,,Each,Buyer_01,9034,Vendor_064,30 days,Site_045,CLOSED,Valid,Valid,2,2,0,0,EGP,1,2,290,580,580
ASF,2019-06-12 00:00:00,2019-07-30 00:00:00,2019-10-15 15:16:37,190360,Approved,2,Goods,3010901045,"Seal, for bearing housing, TSN 532 G",Spare parts,Bearings,Bearings,Bearing PR.,,Each,Buyer_01,9034,Vendor_064,30 days,Site_045,CLOSED,Valid,Valid,2,2,0,0,EGP,1,2,490,980,980
ESCC,2019-06-12 00:00:00,2019-07-30 00:00:00,2019-10-15 15:16:37,190360,Approved,3,Goods,3020409395,"Bearing, 6311 C3",Spare parts,Bearings,Bearings,Bearing PR.,,Each,Buyer_01,9034,Vendor_064,30 days,Site_045,CLOSED,Valid,Valid,2,2,0,0,EGP,1,2,330,660,660
ASF,2019-06-12 00:00:00,2019-07-03 00:00:00,2025-01-12 22:07:47,190361,Approved,1,Goods,3020106231,"Bearing, 3309 C3",Spare parts,Bearings,Bearings,Bearing PR.,,Each,Buyer_01,9036,Vendor_084,30 days,Site_061,CLOSED,Valid,Valid,6,6,0,0,EGP,1,6,980,5880,5880
ASF,2019-06-12 00:00:00,2019-07-03 00:00:00,2025-01-12 22:07:47,190361,Approved,2,Goods,3020411192,"Bearing, 6001 ZZ C3",Spare parts,Bearings,Bearings,Bearing PR.,,Each,Buyer_01,9036,Vendor_084,30 days,Site_061,CLOSED,Valid,Valid,2,2,0,0,EGP,1,2,27,54,54
ESCC,2019-06-12 00:00:00,2019-07-30 00:00:00,2020-02-27 11:29:44,190362,Approved,1,Goods,3020800776,"Bearing, 2205 E",Spare parts,Bearings,Bearings,Bearing PR.,,Each,Buyer_01,9036,Vendor_084,30 days,Site_061,CLOSED,Valid,Valid,10,10,0,0,EGP,1,10,240,2400,2400
ESCC,2019-06-12 00:00:00,2019-07-30 00:00:00,2020-06-17 14:37:57,190363,Approved,1,Goods,3020402692,"Bearing, 6205 ZZ/C3",Spare parts,Bearings,Bearings,Bearing for disc mill of laboratory.,,Each,Buyer_01,9036,Vendor_084,30 days,Site_061,CLOSED,Valid,Valid,3,3,0,0,EGP,1,3,44,132,132
ASF,2019-06-12 00:00:00,2019-07-30 00:00:00,2020-06-17 14:37:57,190363,Approved,2,Goods,3020409702,"Bearing, 6305 ZZC3",Spare parts,Bearings,Bearings,Bearing for disc mill of laboratory.,,Each,Buyer_01,9036,Vendor_084,30 days,Site_061,CLOSED,Valid,Valid,2,2,0,0,EGP,1,2,60,120,120
EMAS,2019-06-12 00:00:00,2019-07-30 00:00:00,2020-06-17 14:37:57,190363,Approved,3,Direct,,"Bearing, NUTR15",,,,Bearing for disc mill of laboratory.,,Each,Buyer_01,9036,Vendor_084,30 days,Site_061,CLOSED,Valid,Valid,2,2,0,0,EGP,1,2,365,730,730
EGYLUX,2019-06-12 00:00:00,2019-07-30 00:00:00,2020-04-08 12:19:00,190364,Approved,1,Direct,,"Bearing, NJ 2309 E M1 C3, (ECP/C3)",,,,Bearing for disc mill of laboratory.,,Each,Buyer_01,9079,Vendor_111,30 days,Site_046,CLOSED,Valid,Valid,2,2,0,0,EGP,1,2,1087,2174,2174
ESCC,2019-06-12 00:00:00,2019-07-30 00:00:00,2019-10-15 15:14:17,190365,Approved,1,Direct,,"Bearing, 6211 2RS C3",,,,Bearing for disc mill of laboratory.,,Each,Buyer_01,9034,Vendor_064,30 days,Site_045,CLOSED,Valid,Valid,2,2,0,0,EGP,1,2,215,430,430
EGYLUX,2019-06-12 00:00:00,2019-07-30 00:00:00,2020-02-27 11:30:31,190366,Approved,1,Goods,3020900818,"Bearing, 23030 CC/W33",Spare parts,Bearings,Bearings,Bearing for stacker.,,Each,Buyer_01,9036,Vendor_084,30 days,Site_061,CLOSED,Valid,Valid,6,6,0,0,EGP,1,6,5150,30900,30900
EMAS,2019-06-12 00:00:00,2019-07-30 00:00:00,2020-02-27 11:30:31,190366,Approved,2,Goods,3020900789,"Bearing, 22218 CC",Spare parts,Bearings,Bearings,Bearing for stacker.,,Each,Buyer_01,9036,Vendor_084,30 days,Site_061,CLOSED,Valid,Valid,6,6,0,0,EGP,1,6,1860,11160,11160
EMAS,2019-06-11 00:00:00,2019-08-06 00:00:00,2019-08-22 16:09:25,190353,Approved,1,Direct,,Non-return valve 1/2 X 3/8,,,,Non-return valve,,Each,Buyer_03,9090,Vendor_077,Immediate,Site_073,CLOSED,Valid,Valid,5,5,0,0,EGP,1,5,189.47,947.35,947.35
EMAS,2019-06-11 00:00:00,2019-07-03 00:00:00,2020-02-02 17:05:19,190355,Approved,1,Goods,3051702948,"Joint head,  dwg. No. 1.109714, SPL 50030495, item no. 07.04.01.03, for tensioning rod assembly",Spare parts,Mechanical items,mechanical items for raw meal production area (300),Joint Head,,Each,Buyer_04,9057,Vendor_006,,Site_022,CLOSED,Valid,Valid,2,2,0,0,EUR,18.7949,2,14694,29388,552344.52
ESCC,2019-06-11 00:00:00,2019-07-03 00:00:00,2020-02-02 17:05:19,190355,Approved,2,Goods,3051709821,"Joint head, dwg. No. 2.205423, SPL 50067119, item no. 07.04.01.03, for tensioning rod assembly for Atox coal mill 25",Spare parts,Mechanical items,mechanical items for clinker production area (400),Joint Head,,Each,Buyer_04,9057,Vendor_006,,Site_022,CLOSED,Valid,Valid,1,1,0,0,EUR,18.7949,1,5323,5323,100045.25
EMAS,2019-06-11 00:00:00,2019-06-19 00:00:00,2019-07-15 12:17:30,190356,Approved,1,Goods,4040403647,"Wearguard, lower, dwg.no. 10204926, material VAUDET 100R, for modified wear protection for joint heat, for atox mill",Spare parts,Mechanical items,mechanical items for raw meal production area (300),Protection cover for Atox mill.,,Each,Buyer_05,9141,Vendor_060,14 days,Site_099,CLOSED,Valid,Valid,3,3,0,0,EGP,1,3,7290,21870,21870
ESCC,2019-06-11 00:00:00,2019-06-19 00:00:00,2019-07-15 12:17:30,190356,Approved,2,Goods,4040403648,"Wearguard, upper, dwg.no. 10204984, material VAUDET 100R, for modified wear protection for joint head, for atox mill",Spare parts,Mechanical items,mechanical items for raw meal production area (300),Protection cover for Atox mill.,,Each,Buyer_05,9141,Vendor_060,14 days,Site_099,CLOSED,Valid,Valid,3,3,0,0,EGP,1,3,4590,13770,13770
EMAS,2019-06-11 00:00:00,2019-06-19 00:00:00,2019-07-15 12:17:30,190356,Approved,3,Goods,4040403649,"Wearguard, dwg.no. 20072933, material VAUDET 100R, for modified wear protection for joint head, for atox mill",Spare parts,Mechanical items,mechanical items for raw meal production area (300),Protection cover for Atox mill.,,Each,Buyer_05,9141,Vendor_060,14 days,Site_099,CLOSED,Valid,Valid,3,3,0,0,EGP,1,3,5310,15930,15930
EGYLUX,2019-06-11 00:00:00,2019-06-19 00:00:00,2019-07-15 12:17:30,190356,Approved,4,Goods,3052803650,"Ring, cover, dwg.no. 10204276, material VAUDET 100R, for modified wear protection for joint head, for atox mill",Spare parts,Mechanical items,mechanical items for raw meal production area (300),Protection cover for Atox mill.,,Each,Buyer_05,9141,Vendor_060,14 days,Site_099,CLOSED,Valid,Valid,3,3,0,0,EGP,1,3,14490,43470,43470
EGYLUX,2019-06-11 00:00:00,2019-08-22 00:00:00,2020-01-02 12:10:42,190357,Approved,1,Direct,,"Air filter element, Miller part no. 187441, for Miller Welding Machine, Model: Trailblazer 302 Diesel",,,,Spare parts for Miller welding machine.,,Each,Buyer_05,9013,Vendor_162,14 days,Site_110,CLOSED,Valid,Valid,4,4,0,0,EGP,1,4,1045,4180,4180
ASF,2019-06-11 00:00:00,2019-08-22 00:00:00,2020-01-02 12:10:42,190357,Approved,2,Direct,,"Air filter element, for Air compressor INGERSOLL RAND CE55 G, Miller Part no.: 197676, Donaldson Part no.: P821575, WIX Part no. 46438, for Miller Welding Machine, Model: Big Blue Air Pak, Serial no. : MA370044E",,,,Spare parts for Miller welding machine.,,Each,Buyer_05,9013,Vendor_162,14 days,Site_110,CLOSED,Valid,Valid,4,4,0,0,EGP,1,4,888,3552,3552
EGYLUX,2019-06-11 00:00:00,2019-08-22 00:00:00,2020-01-02 12:10:42,190357,Approved,3,Direct,,"Air filter element, for Diesel Engine: DEUTZ BF4M 2011, Miller Part no.: 192938, Donaldson Part no.: P822768, WIX Part no. 46489, for Miller Welding Machine, Model: Big Blue Air Pak, Serial no. : MA370044E",,,,Spare parts for Miller welding machine.,,Each,Buyer_05,9013,Vendor_162,14 days,Site_110,CLOSED,Valid,Valid,4,4,0,0,EGP,1,4,1216,4864,4864
ASF,2019-06-11 00:00:00,2019-08-22 00:00:00,2020-01-02 12:10:42,190357,Approved,4,Direct,,"Air/Oil Separator, for Air compressor INGERSOLL RAND CE55 G, Miller Part no.: 206747, Ingersoll Rand Part no.: 89259337, for Miller Welding Machine, Model: Big Blue Air Pak, Serial no. : MA370044E",,,,Spare parts for Miller welding machine.,,Each,Buyer_05,9013,Vendor_162,14 days,Site_110,CLOSED,Valid,Valid,4,4,0,0,EGP,1,4,5975,23900,23900
EGYLUX,2019-06-11 00:00:00,2019-08-22 00:00:00,2020-01-02 12:10:42,190357,Approved,5,Direct,,"Belt, Miller part no. 187459, for Miller Welding Machine, Model: Trailblazer 302 Diesel",,,,Spare parts for Miller welding machine.,,Each,Buyer_05,9013,Vendor_162,14 days,Site_110,CLOSED,Valid,Valid,1,1,0,0,EGP,1,1,736,736,736
ESCC,2019-06-11 00:00:00,2019-08-22 00:00:00,2020-01-02 12:10:42,190357,Approved,6,Direct,,"Belt, for Air compressor INGERSOLL RAND CE55 G, Miller Part no.: 218609, Gates Part no. K060578, for Miller Welding Machine, Model: Big Blue Air Pak, Serial no. : MA370044E",,,,Spare parts for Miller welding machine.,,Each,Buyer_05,9013,Vendor_162,14 days,Site_110,CLOSED,Valid,Valid,1,1,0,0,EGP,1,1,2764,2764,2764
EGYLUX,2019-06-11 00:00:00,2019-08-22 00:00:00,2020-01-02 12:10:42,190357,Approved,7,Direct,,"Belt, for Diesel Engine: DEUTZ BF4M 2011, Miller Part no.: 207808, Gates Part no. XL 7445, for Miller Welding Machine, Model: Big Blue Air Pak, Serial no. : MA370044E",,,,Spare parts for Miller welding machine.,,Each,Buyer_05,9013,Vendor_162,14 days,Site_110,CLOSED,Valid,Valid,1,1,0,0,EGP,1,1,1244,1244,1244
ASF,2019-06-11 00:00:00,2019-08-22 00:00:00,2020-01-02 12:10:42,190357,Approved,8,Direct,,"Filter kit, Filter Kit, Kubota 722, Miller part no. 206421, for Miller Welding Machine, Model: Trailblazer 302 Diesel",,,,Spare parts for Miller welding machine.,,Kit,Buyer_05,9013,Vendor_162,14 days,Site_110,CLOSED,Valid,Valid,1,1,0,0,EGP,1,1,2736,2736,2736
ASF,2019-06-11 00:00:00,2019-08-22 00:00:00,2020-01-02 12:10:42,190357,Approved,9,Direct,,"Fuel In-Line filter, 5/16x5/16 Mic 125 ?175, Miller part no. : 213858, for Miller Welding Machine, Model: Trailblazer 302 Diese",,,,Spare parts for Miller welding machine.,,Each,Buyer_05,9013,Vendor_162,14 days,Site_110,CLOSED,Valid,Valid,4,4,0,0,EGP,1,4,361,1444,1444
EMAS,2019-06-11 00:00:00,2019-08-22 00:00:00,2020-01-02 12:10:42,190357,Approved,10,Direct,,"Fuel Spin-on filter, for Diesel Engine: DEUTZ BF4M 2011, Miller Part no.: 192744, Donaldson Part no.: P550587, Farm Part no. P1145A, for Miller Welding Machine, Model: Big Blue Air Pak, Serial no. : MA370044E",,,,Spare parts for Miller welding machine.,,Each,Buyer_05,9013,Vendor_162,14 days,Site_110,CLOSED,Valid,Valid,4,4,0,0,EGP,1,4,830,3320,3320
ESCC,2019-06-11 00:00:00,2019-08-22 00:00:00,2020-01-02 12:10:42,190357,Approved,11,Direct,,"Fuel filter, Miller part no. 187442, for Miller Welding Machine, Model: Trailblazer 302 Diesel",,,,Spare parts for Miller welding machine.,,Each,Buyer_05,9013,Vendor_162,14 days,Site_110,CLOSED,Valid,Valid,4,4,0,0,EGP,1,4,332,1328,1328
EGYLUX,2019-06-11 00:00:00,2019-08-22 00:00:00,2020-01-02 12:10:42,190357,Approved,12,Direct,,"Fuel filter, for Diesel Engine: DEUTZ BF4M 2011, Miller Part no.: 066217, Donaldson Part no.: P550345, Deutz Part no. 117-4696, for Miller Welding Machine, Model: Big Blue Air Pak, Serial no. : MA370044E",,,,Spare parts for Miller welding machine.,,Each,Buyer_05,9013,Vendor_162,14 days,Site_110,CLOSED,Valid,Valid,4,4,0,0,EGP,1,4,845,3380,3380
EMAS,2019-06-11 00:00:00,2019-08-22 00:00:00,2020-01-02 12:10:42,190357,Approved,13,Direct,,"Oil filter element, for Air compressor INGERSOLL RAND CE55 G, Miller Part no.: 206745, Ingersoll Rand Part no.: 39329602, for Miller Welding Machine, Model: Big Blue Air Pak, Serial no. : MA370044E",,,,Spare parts for Miller welding machine.,,Each,Buyer_05,9013,Vendor_162,14 days,Site_110,CLOSED,Valid,Valid,4,4,0,0,EGP,1,4,1120,4480,4480
EGYLUX,2019-06-11 00:00:00,2019-08-22 00:00:00,2020-01-02 12:10:42,190357,Approved,14,Direct,,"Oil filter, Miller part no. 187443, for Miller Welding Machine, Model: Trailblazer 302 Diesel",,,,Spare parts for Miller welding machine.,,Each,Buyer_05,9013,Vendor_162,14 days,Site_110,CLOSED,Valid,Valid,4,4,0,0,EGP,1,4,546,2184,2184
EGYLUX,2019-06-11 00:00:00,2019-07-30 00:00:00,,190358,Approved,1,Goods,3051509252,"Gauge, vacuum gauge, -1/+1.5 bar, filled with glycerin, dia. 63 mm, center back connection, size 1/4 inch, Pos.48, supplier AFRISO, for pump station LQ120, for atox coal mill 25",Spare parts,Mechanical items,mechanical items for clinker production area (400),Gauge,,Each,Buyer_03,9166,Vendor_069,Immediate,Site_106,OPEN,Valid,Valid,0,0,0,0,EGP,1,1,490,490,490
EMAS,2019-06-10 00:00:00,2019-08-06 00:00:00,2020-08-27 09:10:11,190350,Approved,1,Direct,,"Ckeck valve, for 6 mm tube, Part no. 504-30344-4",,,,Fittings for graesing systems,,Each,Buyer_03,9097,Vendor_164,14 days,Site_090,CLOSED,Valid,Valid,20,20,0,0,EGP,1,20,48.36,967.2,967.2
EMAS,2019-06-10 00:00:00,2019-08-06 00:00:00,2020-08-27 09:10:11,190350,Approved,2,Direct,,"Male elbow, Model WE6-LL R1/8 K, Part no. 223-12477-1, Lincoln",,,,Fittings for graesing systems,,Each,Buyer_03,9097,Vendor_164,14 days,Site_090,CLOSED,Valid,Valid,20,20,0,0,EGP,1,20,49.29,985.8,985.8
EMAS,2019-06-10 00:00:00,2019-08-06 00:00:00,2020-08-27 09:10:11,190350,Approved,3,Direct,,"Straight union, Model GE8-S G1/4, Part no. 223-12477-2, Lincoln",,,,Fittings for graesing systems,,Each,Buyer_03,9097,Vendor_164,14 days,Site_090,CLOSED,Valid,Valid,20,20,0,0,EGP,1,20,39.99,799.8,799.8
EMAS,2019-06-10 00:00:00,2019-06-19 00:00:00,2019-06-26 11:04:42,190351,Approved,1,Goods,7990109200,"Bag, for cement (El SEWEDY), 1ply 90 grm + 1ply 85 grm, capacity 50 kg",Bags (for packing),Bags (for packing),Bags (for packing),Bag for cement,,Each,Buyer_06,9028,Vendor_049,21 days,Site_043,CLOSED,Valid,Valid,2816000,2816000,0,0,EGP,1,2816000,3.5735,10062976,10062976
EMAS,2019-06-10 00:00:00,2019-07-30 00:00:00,2019-12-23 12:23:01,190352,Approved,1,Goods,3130502489,"Photo electric cell, type WTB140-P2231, Ventomatic code 6033209, SICK.",Spare parts,Electrical items,Instrumentation,Photo cell for packing,,Each,Buyer_06,9094,Vendor_050,14 days,Site_057,CLOSED,Valid,Valid,5,5,0,0,EGP,1,5,2295,11475,11475
EGYLUX,2019-06-09 00:00:00,2019-06-12 00:00:00,2019-09-02 15:45:06,190348,Approved,1,Goods,4040403647,"Wearguard, lower, dwg.no. 10204926, material VAUDET 100R, for modified wear protection for joint heat, for atox mill",Spare parts,Mechanical items,mechanical items for raw meal production area (300),Wearguard for Atox mill.,,Each,Buyer_05,9035,Vendor_137,14 days,Site_066,CLOSED,Valid,Valid,3,3,0,0,EGP,1,3,8250,24750,24750
EMAS,2019-06-09 00:00:00,2019-06-12 00:00:00,2019-09-02 15:45:06,190348,Approved,2,Goods,4040403648,"Wearguard, upper, dwg.no. 10204984, material VAUDET 100R, for modified wear protection for joint head, for atox mill",Spare parts,Mechanical items,mechanical items for raw meal production area (300),Wearguard for Atox mill.,,Each,Buyer_05,9035,Vendor_137,14 days,Site_066,CLOSED,Valid,Valid,3,3,0,0,EGP,1,3,6150,18450,18450
ESCC,2019-06-09 00:00:00,2019-06-12 00:00:00,2019-09-02 15:45:06,190348,Approved,3,Goods,4040403649,"Wearguard, dwg.no. 20072933, material VAUDET 100R, for modified wear protection for joint head, for atox mill",Spare parts,Mechanical items,mechanical items for raw meal production area (300),Wearguard for Atox mill.,,Each,Buyer_05,9035,Vendor_137,14 days,Site_066,CLOSED,Valid,Valid,3,3,0,0,EGP,1,3,6450,19350,19350
ASF,2019-06-09 00:00:00,2019-06-12 00:00:00,2019-09-02 15:45:06,190348,Approved,4,Goods,3052803650,"Ring, cover, dwg.no. 10204276, material VAUDET 100R, for modified wear protection for joint head, for atox mill",Spare parts,Mechanical items,mechanical items for raw meal production area (300),Wearguard for Atox mill.,,Each,Buyer_05,9035,Vendor_137,14 days,Site_066,CLOSED,Valid,Valid,3,3,0,0,EGP,1,3,17250,51750,51750
EMAS,2019-06-09 00:00:00,2019-07-03 00:00:00,2019-12-29 15:56:35,190349,Approved,1,Goods,3040103752,"Valve, butterfly, DN 300, type EVS, supplier EuroValve, for CF silo",Spare parts,Mechanical items,mechanical items for raw meal production area (300),Valve butterfly,,Each,Buyer_03,9101,Vendor_001,14 days,Site_067,CLOSED,Valid,Valid,8,8,0,0,EGP,1,8,9480,75840,75840
EMAS,2019-05-28 00:00:00,2019-06-12 00:00:00,2019-06-16 14:28:30,190346,Approved,1,Direct,,"Hard facing , the table segments for coal mill.",,,,Hard Facing - Complementary to P.O 190205,,Kilogram,Buyer_04,9040,Vendor_135,,Site_050,CLOSED,Valid,Valid,724,724,0,0,EUR,19.2105,724,26.15,18932.6,363704.71
EGYLUX,2019-05-28 00:00:00,2019-06-12 00:00:00,2019-08-05 12:27:26,190347,Approved,1,Direct,,"FAN, 460W /900 RPM/ 3PH./outer diameter 63 cm for Petra air conditions unit",,,,Fans for air conditions,,Each,Buyer_06,9164,Vendor_099,Immediate,Site_006,CLOSED,Valid,Valid,20,20,0,0,EGP,1,20,1600,32000,32000
EMAS,2019-05-27 00:00:00,,,190343,Rejected,1,Goods,4040104221,"Casted central tube, inner diameter 5392 mm, over all height 2720mm, material no.1.4837 (FLS 5840) GX40CrNiSi 25-12, according to assembly dwg.10001464, consist of 110 hangers, 55 top element, 275 normal element and 55 lock ring",Wear parts,Wear parts,mechanical items for clinker production area (400),Central tube,,Set,Buyer_04,9059,Vendor_013,,Site_020,OPEN,Valid,Valid,0,0,0,0,EUR,19.2105,1,70001,70001,1344754.21
EMAS,2019-05-27 00:00:00,2019-06-16 00:00:00,2019-10-01 14:17:32,190344,Approved,1,Goods,3082007732,"Supply, power supply, type 515-PS1,  output 14VDC, 3A, manufacturer GE security.",Spare parts,Electrical items,Automation,Power Supply,,Each,Buyer_04,9057,Vendor_006,,Site_022,CLOSED,Valid,Valid,1,1,0,0,EUR,19.2105,1,825,825,15848.66
EMAS,2019-05-27 00:00:00,2019-07-30 00:00:00,2020-11-30 13:19:57,190345,Approved,1,Goods,3082302600,"Relay, with base, type C3-A30X, voltage coil 24VDC, contact voltage 300VAC, 11 pin, Releco MR-C.",Spare parts,Electrical items,Operating Panels,Relay,,Each,Buyer_06,9111,Vendor_115,Immediate,Site_001,CLOSED,Valid,Valid,3,3,0,0,EGP,1,3,429.57,1288.71,1288.71
EGYLUX,2019-05-22 00:00:00,2019-06-16 00:00:00,,190336,Approved,1,Goods,3060203542,"Air/oil filter kit, for screw compressor Atlas Copco type GA 132 W-8.5, GA 110 W-7.5, GA 110 W-8.5, part no. 2906 0953 00",Spare parts,Mechanical items,mechanical items for utilities area (700),Service kits for atlas copco compressors.,,Each,Buyer_01,9163,Vendor_152,"50% against LG, 50% after Delivery",Site_011,OPEN,Valid,Valid,0,0,0,0,EGP,1,4,9545,38180,38180
EMAS,2019-05-22 00:00:00,2019-06-16 00:00:00,2019-11-04 11:21:53,190337,Approved,1,Goods,3050510474,"Block, assembly, complete with all internal elements, dwg. 1.234137, part list 50067119, item no. 07.03.11.02, on mill housing, for hydraulic cylinder for atox coal mill 25",Spare parts,Mechanical items,mechanical items for clinker production area (400),Block assembly,,Each,Buyer_04,9057,Vendor_006,,Site_022,CLOSED,Valid,Valid,1,1,0,0,EUR,19.2105,1,2880,2880,55326.24
ASF,2019-05-22 00:00:00,,,190338,Rejected,1,Goods,3052201986,"Burner, CBO, length 710 mm, dwg. No. 1.076698, complete, SPL 5.038303 and 50033586, consist of oil pipe length 710 mm material mild steel heat resistant, air pipe length 710 mm heat resistant steel, for calciner burner 421.BU500",Spare parts,Mechanical items,mechanical items for clinker production area (400),Burner,,Each,Buyer_04,9057,Vendor_006,,Site_022,OPEN,Valid,Valid,0,0,0,0,EUR,19.2105,3,1964.25,5892.75,113202.67
EGYLUX,2019-05-22 00:00:00,2019-06-16 00:00:00,2020-04-06 11:57:58,190339,Approved,1,Goods,3019909686,"Sphere, inner sealing, dwg. No. 20085963, Material no.: 1.8515, 31 CrMo 12, DIN 17211, SPL 50067119, PN 4345180, item no. 08.01.01.07, for Oil and air connection, for coal mill",Spare parts,Mechanical items,mechanical items for clinker production area (400),Misc S-P,,Each,Buyer_04,9057,Vendor_006,,Site_022,CLOSED,Valid,Valid,1,1,0,0,EUR,19.2105,1,1144.75,1144.75,21991.22
ASF,2019-05-22 00:00:00,2019-06-16 00:00:00,2020-04-06 11:57:58,190339,Approved,2,Goods,3019909687,"Sleeve, inner wear, dwg. No. 20085964, Material no.: 1.8515, 31 CrMo 12, DIN 17211, SPL 50067119, PN 4346414, item no. 08.01.02.03, for Oil and air connection, for coal mill",Spare parts,Mechanical items,mechanical items for clinker production area (400),Misc S-P,,Each,Buyer_04,9057,Vendor_006,,Site_022,CLOSED,Valid,Valid,1,1,0,0,EUR,19.2105,1,1689.1,1689.1,32448.46
EGYLUX,2019-05-22 00:00:00,2019-06-16 00:00:00,2020-04-06 11:57:58,190339,Approved,3,Goods,3019909690,"Tube, wear protection, dwg. No. 10240610, Material no.: 1.0038, SPL 50067119, PN 5459896, item no. 08.01.01.11, for Oil and air connection, for coal mill",Spare parts,Mechanical items,mechanical items for clinker production area (400),Misc S-P,,Each,Buyer_04,9057,Vendor_006,,Site_022,CLOSED,Valid,Valid,1,1,0,0,EUR,19.2105,1,1520,1520,29199.96
EMAS,2019-05-22 00:00:00,2019-06-16 00:00:00,2020-04-06 11:57:58,190339,Approved,4,Goods,3019909692,"Box, protection box, dwg. No. 20086917, Material no.: 1.0038, SPL 50067119, PN 5459890, item no. 08.01.01.04, for Oil and air connection, for coal mill",Spare parts,Mechanical items,mechanical items for clinker production area (400),Misc S-P,,Each,Buyer_04,9057,Vendor_006,,Site_022,CLOSED,Valid,Valid,1,1,0,0,EUR,19.2105,1,327.75,327.75,6296.24
ASF,2019-05-22 00:00:00,2019-06-16 00:00:00,2020-04-06 11:57:58,190339,Approved,5,Goods,3019909693,"Cover, dwg. No. 20085967, Material no.: 1.0038, SPL 50067119, PN 4346471, item no. 08.01.02.11, for Oil and air connection, for coal mill",Spare parts,Mechanical items,mechanical items for clinker production area (400),Misc S-P,,Each,Buyer_04,9057,Vendor_006,,Site_022,CLOSED,Valid,Valid,1,1,0,0,EUR,19.2105,1,228.81,228.81,4395.55
EGYLUX,2019-05-22 00:00:00,,,190340,Rejected,1,Goods,1100508817,"Hook, dwg.no.2.142302, material 1.0050, PN 586288, SPL 50030937, for hammer crusher grate basket, ESCC drawing ( 0001951)",Spare parts,Mechanical items,mechanical items for raw materials handling area (100),Hook for hammer crusher.,,Each,Buyer_05,9093,Vendor_088,14 days,Site_064,OPEN,Valid,Valid,0,0,0,0,EGP,1,2,3500,7000,7000
ESCC,2019-05-22 00:00:00,2019-06-16 00:00:00,2019-07-10 11:16:02,190341,Approved,1,Goods,3049909072,"Valve, non return valve type VRC 150, supplier ROBUSCHI, for rotary blowers type ROBOX ES 65/3C, for kiln feed",Spare parts,Mechanical items,mechanical items for utilities area (700),Valve,,Each,Buyer_03,9041,Vendor_139,14 days,Site_058,CLOSED,Valid,Valid,3,3,0,0,EGP,1,3,1500,4500,4500
EMAS,2019-05-22 00:00:00,2019-06-16 00:00:00,2019-07-15 12:43:34,190342,Approved,1,Goods,3080907319,"Contactor, type 3RT2026-1BB40, class AC-3, rated voltage 400VAC, rated current 25A, coil voltage 24VDC, rated power 11kw, manufacturer siemens.",Spare parts,Electrical items,Operating Panels,Contactors,,Each,Buyer_06,9080,Vendor_097,14 days,Site_044,CLOSED,Valid,Valid,10,10,0,0,EGP,1,10,725.2,7252,7252
EGYLUX,2019-05-21 00:00:00,2019-06-16 00:00:00,2025-01-12 09:58:57,190331,Approved,1,Goods,3052101977,"Cartridge, lubrication, 60 cc/2.03 FL.OZ.(us), SS019-763471, GLY 92, Perma star S60, for SF 4x6F cross bar cooler lubricator.",Spare parts,Mechanical items,mechanical items for clinker production area (400),Motor & Cartridge,,Each,Buyer_04,9117,Vendor_014,,Site_024,CLOSED,Valid,Valid,100,100,0,0,EUR,19.2105,100,26.32,2632,50562.04
ESCC,2019-05-21 00:00:00,2019-06-16 00:00:00,2025-01-12 09:58:57,190331,Approved,2,Goods,3052103754,perma star vario Motor for cooler automatic lubricator (Mo01Var),Spare parts,Mechanical items,mechanical items for clinker production area (400),Motor & Cartridge,,Each,Buyer_04,9117,Vendor_014,,Site_024,CLOSED,Valid,Valid,36,36,0,0,EUR,19.2105,36,42.29,1522.44,29246.83
EGYLUX,2019-05-21 00:00:00,2019-06-16 00:00:00,2019-07-24 17:09:51,190332,Approved,1,Goods,3119905050,"Valve, butterfly, 3 inch, with single acting pneumatic actuator and solenoid vale 24 , for Bypass water injection tank",Spare parts,Mechanical items,mechanical items for clinker production area (400),Valve butterfly,,Each,Buyer_03,9162,Vendor_026,14 days,Site_106,CLOSED,Valid,Valid,2,2,0,0,EGP,1,2,5000,10000,10000
ESCC,2019-05-21 00:00:00,2019-06-16 00:00:00,2019-10-02 17:38:08,190333,Approved,1,Goods,3030211265,"Belt, V-belt type, A 70",Spare parts,Mechanical items,V-belt items,V-belt,,Each,Buyer_03,9098,Vendor_033,14 days,Site_090,CLOSED,Valid,Valid,6,6,0,0,EGP,1,6,58,348,348
EMAS,2019-05-21 00:00:00,2019-05-23 00:00:00,2019-07-16 10:28:43,190334,Approved,1,Capex,, POWER EDGE R730 warranty renewal 3 years / maintenance,,,,"	POWER EDGE R730 warranty renewal 3 years",,Each,Buyer_07,9116,Vendor_153,60 days,Site_010,CLOSED,Valid,Valid,2,2,0,0,EGP,1,2,64912.28,129824.56,129824.56
ASF,2019-05-21 00:00:00,2019-07-03 00:00:00,,190335,Approved,1,Goods,4091005584,"Wire, material lead, for metal snap lock",Spare parts,Mechanical items,Mechanical Miscellaneous,Wire,,Kilogram,Buyer_03,9020,Vendor_034,14 days,Site_052,OPEN,Valid,Valid,99.7,99.7,0,0,EGP,1,100,33,3300,3300
ESCC,2019-05-20 00:00:00,2019-06-16 00:00:00,2019-08-20 15:35:36,190326,Approved,1,Goods,3130202790,"Sensor, PT100, section1 130mmX8mm, section2 30mmX3mm, with terminal head, with male connector M12,and according to attached drawings for the raw mill fan and cement mill fan.",Spare parts,Electrical items,Instrumentation,PT100,,Each,Buyer_06,9078,Vendor_133,Immediate,Site_061,CLOSED,Valid,Valid,1,1,0,0,EGP,1,1,300,300,300
EGYLUX,2019-05-20 00:00:00,2019-06-16 00:00:00,2019-07-16 11:25:03,190327,Approved,1,Goods,3080107467,"Battery, type ER14250H, lithium-thionyl chloride, voltage 3.6V, 1200mAh, size 25x14.5 mm.    ",Spare parts,Electrical items,Electrical Miscellaneous,Batteries,,Each,Buyer_06,9075,Vendor_155,Immediate,Site_107,CLOSED,Valid,Valid,10,10,0,0,EGP,1,10,150,1500,1500
EMAS,2019-05-15 00:00:00,2019-06-23 00:00:00,2019-07-10 11:15:27,190322,Approved,1,Goods,4080100187,"Electrode, welding, basic, AWS A5.1-81:7018, 4 mm wire diameter, DIN 1913:E5143B10, ISO E51 4B 120 26H",Spare parts,Mechanical items,Welding materials,Welding electrodes.,,Kilogram,Buyer_05,9011,Vendor_101,14 days,Site_086,CLOSED,Valid,Valid,100,100,0,0,EGP,1,100,45,4500,4500
ESCC,2019-05-15 00:00:00,2019-07-03 00:00:00,2019-08-04 14:31:16,190323,Approved,1,Goods,4090605051,"Sheet, perforated, thickness 02 mm, hole dia. 10mm, center distance between holes 13 mm, material steel 37, dwg.no. Escc.0001069, recommended width 1500mm",Spare parts,Mechanical items,Air slide,Perforatred sheet.,,Square Meter,Buyer_05,9093,Vendor_088,14 days,Site_064,CLOSED,Valid,Valid,18,18,0,0,EGP,1,18,850,15300,15300
EGYLUX,2019-05-15 00:00:00,2019-07-03 00:00:00,2019-09-02 15:14:00,190324,Approved,1,Goods,3050501920,"Cap, protecting, dwg.no. 3.119483, material no.: 1.0570,  protection for wearing segment's bolts, for atox mill's roller, FLS Part List 50030495, Item No. 06.01.04.11",Spare parts,Mechanical items,mechanical items for raw meal production area (300),Protection cap for roller of Atox mill.,,Each,Buyer_05,9093,Vendor_088,14 days,Site_064,CLOSED,Valid,Valid,48,48,0,0,EGP,1,48,342,16416,16416
EGYLUX,2019-05-15 00:00:00,2019-06-16 00:00:00,2019-09-02 15:11:41,190325,Approved,1,Goods,4040402975,"Louvre, material no.: 1.0038, FLS dwg. no. 10073045, complete with bushs, for air separator of atox mill",Spare parts,Mechanical items,mechanical items for raw meal production area (300),Louvre for air separator of Atox mill.,,Each,Buyer_05,9093,Vendor_088,14 days,Site_064,CLOSED,Valid,Valid,36,36,0,0,EGP,1,36,1450,52200,52200
EGYLUX,2019-05-09 00:00:00,,,190314,Rejected,1,Goods,3130306617,"Crad, Art.nr. PPBE0633, Partnr. P1900520033, Serial SRN1505A00583, for compressors, Atlas Copco.",Spare parts,Electrical items,Instrumentation,PR for card for compressors.,,Each,Buyer_01,9022,Vendor_023,30 days,Site_058,OPEN,Valid,Valid,0,0,0,0,EGP,1,1,16000,16000,16000
ESCC,2019-05-09 00:00:00,2019-06-16 00:00:00,2019-09-26 12:18:46,190315,Approved,1,Goods,3060202056,"Kit, maintenance, 16000 h, part no. 2906098600, manufacture Atlas copco, for air compressor type GA 132W- 8,5 and type GA 110W- 8,5",Spare parts,Mechanical items,mechanical items for utilities area (700),Service kits for atlas copco compressors.,,Each,Buyer_01,9022,Vendor_023,30 days,Site_058,CLOSED,Valid,Canceled,0,0,0,2,EGP,1,0,70000,0,0
ESCC,2019-05-09 00:00:00,2019-06-16 00:00:00,2019-09-26 12:18:46,190315,Approved,2,Goods,3060203542,"Air/oil filter kit, for screw compressor Atlas Copco type GA 132 W-8.5, GA 110 W-7.5, GA 110 W-8.5, part no. 2906 0953 00",Spare parts,Mechanical items,mechanical items for utilities area (700),Service kits for atlas copco compressors.,,Each,Buyer_01,9022,Vendor_023,30 days,Site_058,CLOSED,Valid,Valid,12,12,0,0,EGP,1,12,16000,192000,192000
ESCC,2019-05-09 00:00:00,2019-05-19 00:00:00,2019-06-19 16:57:37,190316,Approved,1,Capex,, (Flash Memory 32G ),,,,Accessories,,Each,Buyer_07,9113,Vendor_079,30 days,Site_008,CLOSED,Valid,Valid,1,1,0,0,EGP,1,1,96.49,96.49,96.49
ASF,2019-05-09 00:00:00,2019-05-19 00:00:00,2019-06-19 16:57:37,190316,Approved,2,Capex,, (Plower),,,,Accessories,,Each,Buyer_07,9113,Vendor_079,30 days,Site_008,CLOSED,Valid,Valid,1,1,0,0,EGP,1,1,157.89,157.89,157.89
ESCC,2019-05-09 00:00:00,2019-05-19 00:00:00,2019-06-19 16:57:37,190316,Approved,3,Capex,, (Screwdriver Set ),,,,Accessories,,Each,Buyer_07,9113,Vendor_079,30 days,Site_008,CLOSED,Valid,Valid,1,1,0,0,EGP,1,1,100.87,100.87,100.87
ESCC,2019-05-09 00:00:00,2019-05-19 00:00:00,2019-06-19 16:57:37,190316,Approved,4,Capex,, (external Hard Desk 1T ),,,,Accessories,,Each,Buyer_07,9113,Vendor_079,30 days,Site_008,CLOSED,Valid,Valid,1,1,0,0,EGP,1,1,833.33,833.33,833.33
ESCC,2019-05-09 00:00:00,2019-05-19 00:00:00,2019-06-19 16:57:37,190316,Approved,5,Capex,, (Flash Memory 16G),,,,Accessories,,Each,Buyer_07,9113,Vendor_079,30 days,Site_008,CLOSED,Valid,Valid,2,2,0,0,EGP,1,2,65.78,131.56,131.56
ASF,2019-05-09 00:00:00,2019-05-19 00:00:00,2019-06-19 16:57:37,190316,Approved,6,Capex,, (Mouse),,,,Accessories,,Each,Buyer_07,9113,Vendor_079,30 days,Site_008,CLOSED,Valid,Valid,20,20,0,0,EGP,1,20,35.08,701.6,701.6
ESCC,2019-05-09 00:00:00,2019-05-19 00:00:00,2019-06-19 16:57:37,190316,Approved,7,Capex,, ( Monitor Cables ),,,,Accessories,,Each,Buyer_07,9113,Vendor_079,30 days,Site_008,CLOSED,Valid,Valid,4,4,0,0,EGP,1,4,21.92,87.68,87.68
EGYLUX,2019-05-09 00:00:00,2019-05-19 00:00:00,2019-06-19 16:57:37,190316,Approved,8,Capex,, (Printer Cables  5 Meter ),,,,Accessories,,Each,Buyer_07,9113,Vendor_079,30 days,Site_008,CLOSED,Valid,Valid,5,5,0,0,EGP,1,5,21.92,109.6,109.6
ESCC,2019-05-09 00:00:00,2019-05-19 00:00:00,2019-06-19 16:57:37,190316,Approved,9,Capex,, (Printer Cables 5 meter ),,,,Accessories,,Each,Buyer_07,9113,Vendor_079,30 days,Site_008,CLOSED,Valid,Valid,5,5,0,0,EGP,1,5,21.92,109.6,109.6
EGYLUX,2019-05-09 00:00:00,2019-05-19 00:00:00,2019-06-20 10:59:40,190317,Approved,1,Capex,,3 (Access Point TP-Link ),,,,Accessories,,Each,Buyer_07,9092,Vendor_145,30 days,Site_051,CLOSED,Valid,Valid,3,3,0,0,EGP,1,3,285.08,855.24,855.24
EGYLUX,2019-05-09 00:00:00,2019-05-19 00:00:00,2019-06-20 10:59:40,190317,Approved,2,Capex,,4 (Keyboard ),,,,Accessories,,Each,Buyer_07,9092,Vendor_145,30 days,Site_051,CLOSED,Valid,Valid,4,4,0,0,EGP,1,4,61.4,245.6,245.6
EGYLUX,2019-05-09 00:00:00,2019-05-15 00:00:00,2019-07-08 11:15:07,190318,Approved,1,Capex,, (Hard Dack internal descktop 1T ),,,,Accessories,,Each,Buyer_07,9161,Vendor_071,30 days,Site_053,CLOSED,Valid,Valid,2,2,0,0,EGP,1,2,850,1700,1700
ASF,2019-05-09 00:00:00,2019-05-15 00:00:00,2019-07-08 11:15:07,190318,Approved,2,Capex,, (Hard Desk internal laptop ) 1T,,,,Accessories,,Each,Buyer_07,9161,Vendor_071,30 days,Site_053,CLOSED,Valid,Valid,2,2,0,0,EGP,1,2,890,1780,1780
ASF,2019-05-09 00:00:00,2019-05-15 00:00:00,2019-07-08 11:15:07,190318,Approved,3,Capex,, (5 Router   TP-Link ),,,,Accessories,,Each,Buyer_07,9161,Vendor_071,30 days,Site_053,CLOSED,Valid,Valid,5,5,0,0,EGP,1,5,460,2300,2300
ASF,2019-05-09 00:00:00,2019-05-19 00:00:00,2019-10-02 17:30:42,190319,Approved,1,Capex,,AutoCad Full Package 2D (Version 2020) / Mr. Abdelnaim,,,,AutoCad,,Each,Buyer_07,9048,Vendor_047,30 days,Site_107,CLOSED,Valid,Valid,1,1,0,0,EGP,1,1,55921.05,55921.05,55921.05
ESCC,2019-05-09 00:00:00,2019-05-19 00:00:00,2019-10-02 17:30:42,190319,Approved,2,Capex,,Autocad Lt 2020 64bit,,,,AutoCad,,Each,Buyer_07,9048,Vendor_047,30 days,Site_107,CLOSED,Valid,Valid,1,1,0,0,EGP,1,1,15789.47,15789.47,15789.47
EGYLUX,2019-05-09 00:00:00,2019-05-19 00:00:00,2019-06-25 14:46:56,190321,Approved,1,Capex,,  (Ink 122 B & 122C ),,,,Ink & Toner,,Each,Buyer_07,9113,Vendor_079,30 days,Site_008,CLOSED,Valid,Valid,2,2,0,0,EGP,1,2,429.82,859.64,859.64
ASF,2019-05-09 00:00:00,2019-05-19 00:00:00,2019-06-25 14:46:56,190321,Approved,2,Capex,, (Cartridge 05A),,,,Ink & Toner,,Each,Buyer_07,9113,Vendor_079,30 days,Site_008,CLOSED,Valid,Valid,12,12,0,0,EGP,1,12,100.87,1210.44,1210.44
ASF,2019-05-09 00:00:00,2019-05-19 00:00:00,2019-06-25 14:46:56,190321,Approved,3,Capex,, (Ink  (652 black and color ),,,,Ink & Toner,,Each,Buyer_07,9113,Vendor_079,30 days,Site_008,CLOSED,Valid,Valid,2,2,0,0,EGP,1,2,421.05,842.1,842.1
ESCC,2019-05-09 00:00:00,2019-05-19 00:00:00,2019-06-25 14:46:56,190321,Approved,4,Capex,, (Ink  932 & 933 ),,,,Ink & Toner,,Each,Buyer_07,9113,Vendor_079,30 days,Site_008,CLOSED,Valid,Valid,2,2,0,0,EGP,1,2,1184.21,2368.42,2368.42
ASF,2019-05-09 00:00:00,2019-05-19 00:00:00,2019-06-25 14:46:56,190321,Approved,5,Capex,,  ( Cartridge 81A) original for copouns,,,,Ink & Toner,,Each,Buyer_07,9113,Vendor_079,30 days,Site_008,CLOSED,Valid,Valid,3,3,0,0,EGP,1,3,811.4,2434.2,2434.2
ESCC,2019-05-09 00:00:00,2019-05-19 00:00:00,2019-06-25 14:46:56,190321,Approved,6,Capex,, ( Cartridge 83A),,,,Ink & Toner,,Each,Buyer_07,9113,Vendor_079,30 days,Site_008,CLOSED,Valid,Valid,4,4,0,0,EGP,1,4,87.71,350.84,350.84
EMAS,2019-05-09 00:00:00,2019-05-19 00:00:00,2019-06-25 14:46:56,190321,Approved,7,Capex,, (Ink 901B  &  901 C),,,,Ink & Toner,,Each,Buyer_07,9113,Vendor_079,30 days,Site_008,CLOSED,Valid,Valid,4,4,0,0,EGP,1,4,723.68,2894.72,2894.72
ASF,2019-05-09 00:00:00,2019-05-19 00:00:00,2019-06-25 14:46:56,190321,Approved,8,Capex,,  (Cartridge 85A  ),,,,Ink & Toner,,Each,Buyer_07,9113,Vendor_079,30 days,Site_008,CLOSED,Valid,Valid,6,6,0,0,EGP,1,6,87.71,526.26,526.26
EMAS,2019-05-09 00:00:00,2019-05-19 00:00:00,2019-06-25 14:46:56,190321,Approved,9,Capex,,  ( Cartridge 64A) original for copouns,,,,Ink & Toner,,Each,Buyer_07,9113,Vendor_079,30 days,Site_008,CLOSED,Valid,Valid,7,7,0,0,EGP,1,7,789.47,5526.29,5526.29
ESCC,2019-05-07 00:00:00,2019-05-29 00:00:00,2019-06-10 12:52:49,190312,Approved,1,Goods,7990109200,"Bag, for cement (El SEWEDY), 1ply 90 grm + 1ply 85 grm, capacity 50 kg",Bags (for packing),Bags (for packing),Bags (for packing),Bags for cement packing,,Each,Buyer_06,9028,Vendor_049,21 days,Site_043,CLOSED,Valid,Valid,1408000,1408000,0,0,EGP,1,1408000,3.2325,4551360,4551360
EGYLUX,2019-05-07 00:00:00,2019-05-29 00:00:00,2019-06-10 12:52:49,190312,Approved,2,Goods,7990109528,"Bag, for cement (El SEWEDY), for type SRC, 1ply 90 grm + 1ply 85 grm, capacity 50 kg",Bags (for packing),Bags (for packing),Bags (for packing),Bags for cement packing,,Each,Buyer_06,9028,Vendor_049,21 days,Site_043,CLOSED,Valid,Valid,704000,704000,0,0,EGP,1,704000,3.2325,2275680,2275680
ASF,2019-05-07 00:00:00,,,190313,Rejected,1,Direct,,"Kit, repair kit, for hydraulic hand pump, type SKF code 728619 E, complete, for kiln jack",,,,repair kit,,Set,Buyer_03,9097,Vendor_164,14 days,Site_090,OPEN,Valid,Valid,0,0,0,0,EGP,1,2,6775.05,13550.1,13550.1
ESCC,2019-05-06 00:00:00,2020-04-16 00:00:00,2021-07-26 11:16:43,190311,Approved,1,Direct,,Installation a fire detector for fire fighting system at packing bags store 1and linked in between fire fighting system at bags store 1 and bags store 2.,,,,Installation fire detector,,Each,Buyer_06,9109,Vendor_161,30 days,Site_102,CLOSED,Valid,Valid,1,1,0,0,EGP,1,1,85784,85784,85784
EGYLUX,2019-05-05 00:00:00,2019-06-16 00:00:00,2019-08-22 16:00:16,190310,Approved,1,Goods,4060205261,"Fluid, Roto Inject for  Atlas Copco compressor",Lubricants,Lubricants,Lubricants,Oil for atlas copco compressors.,,Litre,Buyer_01,9022,Vendor_023,30 days,Site_058,CLOSED,Valid,Valid,1420,1420,0,0,EGP,1,1420,150,213000,213000
EGYLUX,2019-04-24 00:00:00,2019-05-14 00:00:00,2019-05-27 12:20:56,190304,Approved,1,Goods,4010402625,"Rolls of expanded metal for densit, Expanded metal, Densit steel mesh 400 ?C",Refractory,Refractory,Refractory,Rolls of expanded metal.,,Square Meter,Buyer_05,9134,Vendor_085,Immediate,Site_061,CLOSED,Valid,Valid,20,20,0,0,EGP,1,20,77.5,1550,1550
EMAS,2019-04-24 00:00:00,2019-06-16 00:00:00,2019-09-03 14:34:07,190305,Approved,1,Goods,4070103028,"Bag, for bag filter diam. 127x3040mm, PE 554 glaze CS17 media specification polylester, area weight 550 g/cm2, thickness 1.9mm, density 0.29 g/cm3, air permeability 217 according to ISO 9237, tensile strength according to ISO 9073-3",Spare parts,Mechanical items,Bag filters,Bags for filters.,,Each,Buyer_01,9053,Vendor_136,30 days,Site_104,CLOSED,Valid,Valid,750,750,0,0,EGP,1,750,62,46500,46500
ESCC,2019-04-24 00:00:00,2019-06-16 00:00:00,2019-08-20 15:33:36,190306,Approved,1,Goods,3010803956,"Sheet, Felt , thickness 8 mm, 1700 X 3000 mm",Spare parts,Mechanical items,Mechanical Miscellaneous,Felt sheets.,,Each,Buyer_01,9160,Vendor_061,30 days,Site_003,CLOSED,Valid,Valid,2,2,0,0,EGP,1,2,2000,4000,4000
EGYLUX,2019-04-24 00:00:00,2019-06-16 00:00:00,2019-08-20 15:33:36,190306,Approved,2,Goods,3010810992,"Sheet, Felt, thickness 2 mm, 1700 X 3000 mm",Spare parts,Mechanical items,Mechanical Miscellaneous,Felt sheets.,,Each,Buyer_01,9160,Vendor_061,30 days,Site_003,CLOSED,Valid,Valid,1,1,0,0,EGP,1,1,500,500,500
ASF,2019-04-24 00:00:00,2019-06-16 00:00:00,2019-09-02 14:58:19,190307,Approved,1,Goods,4090611061,"Sheet,1000x2000x4 mm, material Teflon",Spare parts,Workshop material,Workshop material,"Sheet, Material teflon for packing.",,kiloGram,Buyer_01,9160,Vendor_061,30 days,Site_003,CLOSED,Valid,Valid,70,70,0,0,EGP,1,70,205,14350,14350
ASF,2019-04-24 00:00:00,2019-05-05 00:00:00,2019-06-25 14:43:46,190308,Approved,1,Capex,,81A,,,,,,Each,Buyer_02,9133,Vendor_080,Immediate,Site_087,CLOSED,Valid,Valid,1,1,0,0,EGP,1,1,394.74,394.74,394.74
EMAS,2019-04-24 00:00:00,2019-08-06 00:00:00,2019-09-02 15:19:13,190309,Approved,1,Direct,,"Pipe, seamless, 1 in, 7mm wall thickness, material black steel recommended length 6000 mm",,,,Pipe seamless,,Each,Buyer_03,9095,Vendor_043,14 days,Site_063,CLOSED,Valid,Valid,5,5,0,0,EGP,1,5,852,4260,4260
EGYLUX,2019-04-23 00:00:00,,,190303,Rejected,1,Goods,4090600377,"Sheet, thickness 06 mm, material steel 37 (material no. 1.0038) black, according to DIN 1541, weight/m2= 048 kg, recommended sheet dimensions 1.5mX6m.",Spare parts,Workshop material,Workshop material,Sheet for overhaul.,,Kilogram,Buyer_01,9110,Vendor_036,30 days,Site_091,OPEN,Valid,Valid,0,0,0,0,EGP,1,2160,10.79,23306.4,23306.4
ESCC,2019-04-21 00:00:00,2019-06-16 00:00:00,2019-11-04 11:38:58,190295,Approved,1,Goods,3029904036,"Bearing, intermediate bearing, pos. no. 2.4, code no. XLN040H025U44, manufacture WAM, supplier Ventomatic, for trough screw conveyors, ventomatic code no. 692173D, order no. 4038932 K0909, WAM code no. CAU1P025111378, for packing area",Spare parts,Bearings,mechanical items for cement storage and dispatch area (600),intermediate bearing,,Each,Buyer_04,9030,Vendor_007,,Site_025,CLOSED,Valid,Valid,1,1,0,0,EUR,19.48,1,965,965,18798.2
ASF,2019-04-21 00:00:00,2019-06-16 00:00:00,2019-07-15 13:36:18,190296,Approved,1,Goods,3040108268,"Valve, soft-seated butterfly valve, wafer type KG 9, DN 150, PN 16, with hand lever, supplier GEFA, for adsorption dryer type HRE 6000/7000 tropical duplex",Spare parts,Mechanical items,mechanical items for utilities area (700),Valve,,Each,Buyer_03,9071,Vendor_147,14 days,Site_106,CLOSED,Valid,Valid,1,1,0,0,EGP,1,1,8691.3,8691.3,8691.3
EGYLUX,2019-04-21 00:00:00,2019-06-16 00:00:00,2019-12-08 15:19:22,190301,Approved,1,Direct,,Cement hollow block 20*20*40.,,,,Cement hollow block for FR storage.,,Each,Buyer_01,9087,Vendor_041,30 days,Site_070,CLOSED,Valid,Valid,756,756,0,0,EGP,1,756,7.3,5518.8,5518.8
EGYLUX,2019-04-18 00:00:00,2019-06-16 00:00:00,2019-07-18 11:35:23,190292,Approved,1,Goods,4092504092,"Repair strip, with fabric ply and steelcord rubber belts, type EP 160, width 400mm, length 10000 mm and thickness 4.8 mm, ref. no. 531 5790, TIP TOP",Spare parts,Belt conveyor,Belt conveyors,Repair strip for belt bucket elevators.,,Each,Buyer_01,9049,Vendor_151,30 days,Site_106,CLOSED,Valid,Valid,2,2,0,0,EGP,1,2,11000,22000,22000
EMAS,2019-04-18 00:00:00,2019-04-24 00:00:00,,190293,Approved,1,Goods,4080100186,"Electrode, welding, basic, AWS A5.1-81:7018, 3.25 mm wire diameter, DIN 1913:E5143B10, ISO E51 4B 120 26H",Spare parts,Mechanical items,welding materials,Welding electrodes.,,Kilogram,Buyer_05,9011,Vendor_101,14 days,Site_086,OPEN,Valid,Valid,196,196,0,0,EGP,1,200,45,9000,9000
ASF,2019-04-18 00:00:00,2019-04-24 00:00:00,,190293,Approved,2,Goods,4080100187,"Electrode, welding, basic, AWS A5.1-81:7018, 4 mm wire diameter, DIN 1913:E5143B10, ISO E51 4B 120 26H",Spare parts,Mechanical items,Welding materials,Welding electrodes.,,Kilogram,Buyer_05,9011,Vendor_101,14 days,Site_086,OPEN,Valid,Valid,195.2,195.2,0,0,EGP,1,200,45,9000,9000
ASF,2019-04-18 00:00:00,2019-04-21 00:00:00,2019-06-25 14:50:50,190294,Approved,1,Capex,,COMPREHENSIVE Gateway Security Suit Bundle For TZ400 SeriesFOR 3 YEARS,,,,,,Each,Buyer_02,9027,Vendor_096,30 days,Site_034,CLOSED,Valid,Valid,1,1,0,0,EGP,1,1,15087.7,15087.7,15087.7
ESCC,2019-04-17 00:00:00,2019-05-14 00:00:00,2020-05-17 12:47:37,190278,Approved,1,Goods,4070202139,"Element, filter, type mahle PI3130 SMX10, assembly no. 570F, Pos. 33, for return line to tank, supplier Mahle, for pump station HY110, for atox raw mill 45",Spare parts,Mechanical items,mechanical items for raw meal production area (300),Element filter,,Each,Buyer_03,9099,Vendor_112,14 days,Site_080,CLOSED,Valid,Valid,2,2,0,0,EGP,1,2,1150,2300,2300
ASF,2019-04-17 00:00:00,2019-05-14 00:00:00,2019-05-27 12:23:24,190279,Approved,1,Direct,,"Hose, hydraulic, female ends, size 28 L, length 3 meter, 250 bar",,,,Hose for shut down.,,Each,Buyer_01,9076,Vendor_165,Immediate,Site_107,CLOSED,Valid,Valid,1,1,0,0,EGP,1,1,755,755,755
ESCC,2019-04-17 00:00:00,2019-06-16 00:00:00,2019-10-22 15:27:34,190280,Approved,1,Direct,,Cement hollow block 20*20*40.,,,,Cement hollow block for FR storage.,,Each,Buyer_01,9087,Vendor_041,30 days,Site_070,CLOSED,Valid,Valid,4872,4872,0,0,EGP,1,4872,8.1,39463.2,39463.2
ASF,2019-04-17 00:00:00,,,190281,Rejected,1,Goods,3020406233,"Bearing, 6207 C3",Spare parts,Bearings,Bearings,Bearing for apron conveyor.,,Each,Buyer_01,9036,Vendor_084,14 days,Site_061,OPEN,Valid,Valid,0,0,0,0,EGP,1,200,65,13000,13000
EMAS,2019-04-17 00:00:00,2019-08-22 00:00:00,2019-11-21 11:42:15,190283,Approved,1,Goods,3021411225,"Bearing housing, HFB GOF 224 BF",Strategic,Bearings,Bearings,Bearing housing for coal mill fan.,,Each,Buyer_01,9154,Vendor_127,30 days,Site_004,CLOSED,Valid,Valid,1,1,0,0,EGP,1,1,46930,46930,46930
ASF,2019-04-17 00:00:00,2019-08-22 00:00:00,2019-11-21 11:42:15,190283,Approved,2,Goods,3021411230,"Bearing housing, HFB GOF 218 AF",Spare parts,Bearings,Bearings,Bearing housing for coal mill fan.,,Each,Buyer_01,9154,Vendor_127,30 days,Site_004,CLOSED,Valid,Valid,1,1,0,0,EGP,1,1,30875,30875,30875
ESCC,2019-04-17 00:00:00,2019-04-18 00:00:00,2019-05-13 11:48:23,190284,Approved,1,Capex,,Printer Hp LaserJet 4015n Dispatch / Mr. Amr Remouzy,,,,,,Each,Buyer_02,9133,Vendor_080,Immediate,Site_087,CLOSED,Valid,Valid,1,1,0,0,EGP,1,1,700,700,700
ESCC,2019-04-17 00:00:00,2019-05-14 00:00:00,2019-08-05 13:08:12,190285,Approved,1,Goods,3010906090,"Seal, for bearing housing, TSN 522 A",Spare parts,Bearings,Bearings,Urgent for shutdown.,,Each,Buyer_01,9034,Vendor_064,Immediate,Site_045,CLOSED,Valid,Valid,4,4,0,0,EGP,1,4,435,1740,1740
EMAS,2019-04-17 00:00:00,2019-04-18 00:00:00,2019-07-07 15:05:11,190286,Approved,1,Capex,,Original battery for Eng. Ahmed Ali _ Laptop Dell Latitude E5510,,,,,,Each,Buyer_02,9113,Vendor_079,30 days,Site_008,CLOSED,Valid,Valid,1,1,0,0,EGP,1,1,789.48,789.48,789.48
ASF,2019-04-17 00:00:00,2019-05-14 00:00:00,2019-05-30 11:32:19,190287,Approved,1,Goods,3010901029,"Seal, for bearing housing, TSN 522 L",Spare parts,Bearings,Bearings,Urgent for shutdown.,,Each,Buyer_01,9079,Vendor_111,Immediate,Site_046,CLOSED,Valid,Valid,4,4,0,0,EGP,1,4,450,1800,1800
ASF,2019-04-17 00:00:00,2019-05-14 00:00:00,2019-07-16 12:04:25,190288,Approved,1,Goods,4090600374,"Sheet, thickness 03 mm, material steel 37 (material no. 1.0038) black, according to DIN 1541, weight/m2= 024 kg, recommended sheet dimensions 1.5mX3m.",Spare parts,Workshop material,Workshop material,Urgent for shutdown.,,Kilogram,Buyer_01,9031,Vendor_040,Immediate,Site_085,CLOSED,Valid,Valid,540,540,0,0,EGP,1,540,11,5940,5940
EMAS,2019-04-17 00:00:00,2019-05-15 00:00:00,2019-06-11 15:46:40,190289,Approved,1,Goods,3010910486,"Seal, oil, 040x058x08",Spare parts,Mechanical items,Mechanical Miscellaneous,Urgent for shutdown,,Each,Buyer_01,9074,Vendor_110,Immediate,Site_097,CLOSED,Valid,Valid,4,4,0,0,EGP,1,4,30,120,120
ASF,2019-04-17 00:00:00,2019-05-14 00:00:00,2019-06-19 14:18:34,190290,Approved,1,Direct,,Refilling Co2 tank of coal mill with L.CO2,,,,Refilling Co2 tank.,,TON,Buyer_05,9114,Vendor_163,14 days,Site_070,CLOSED,Valid,Valid,5,5,0,0,EGP,1,5,3500,17500,17500
ASF,2019-04-17 00:00:00,2019-05-14 00:00:00,2019-05-22 15:45:01,190291,Approved,1,Direct,,"Sheet, thickness 04 mm, Dim 80x80cm material brass.",,,,"Sheet for ID,Mill fan. (Urgent for shutdown).",,kiloGram,Buyer_01,9159,Vendor_025,Immediate,Site_007,CLOSED,Valid,Valid,136,136,0,0,EGP,1,136,175,23800,23800
ESCC,2019-04-16 00:00:00,2019-05-14 00:00:00,2019-05-23 11:32:33,190275,Approved,1,Goods,3010700518,"Silicon, rubber, 220 GR",Spare parts,Mechanical items,Mechanical Miscellaneous,Silicon.,,Each,Buyer_05,9169,Vendor_130,14 days,Site_049,CLOSED,Valid,Valid,200,200,0,0,EGP,1,200,21,4200,4200
ASF,2019-04-16 00:00:00,2019-05-14 00:00:00,,190276,Approved,1,Direct,,Refilling Co2 tank of coal mill with L.CO2,,,,Refilling Co2 tank.,,TON,Buyer_05,9114,Vendor_163,14 days,Site_070,OPEN,Valid,Valid,10.3,10.3,0,0,EGP,1,10.5,3500,36750,36750
ASF,2019-04-16 00:00:00,2019-04-21 00:00:00,2019-05-14 14:20:35,190277,Approved,1,Capex,,"new laptop for Mr.John lotfy ( Lenovo Ideapad 330 Laptop Intel Core i5-8250U, 15.6 Inch FHD, 8GB, 2TB, AMD 4GB, DOS, Platinum Grey)",,,,laptop,,Each,Buyer_07,9158,Vendor_126,30 days,Site_048,CLOSED,Valid,Valid,1,1,0,0,EGP,1,1,9473.68,9473.68,9473.68
EMAS,2019-04-15 00:00:00,2019-05-14 00:00:00,2019-05-27 13:11:24,190270,Approved,1,Goods,4100105559,"Screw, hexagon head, M20X220 mm, thread length 70 mm, steel grade 10.9, black steel, dwg. no. 7.000012",Spare parts,Mechanical items,Fasteners,Hexagon screw.,,Each,Buyer_05,9014,Vendor_031,14 days,Site_052,CLOSED,Valid,Valid,150,150,0,0,EGP,1,150,28,4200,4200
EMAS,2019-04-15 00:00:00,2019-05-14 00:00:00,2019-05-27 12:21:57,190271,Approved,1,Goods,4101400346,"Washer, plain, common type, for screw M20, DIN 126, steel",Spare parts,Mechanical items,Fasteners,Plain washer.,,Each,Buyer_05,9127,Vendor_045,Immediate,Site_061,CLOSED,Valid,Valid,1000,1000,0,0,EGP,1,1000,0.16,160,160
EGYLUX,2019-04-15 00:00:00,2019-05-14 00:00:00,2019-06-10 13:00:01,190272,Approved,1,Goods,4100100238,"Screw, hexagon head, M12X040, steel grade 8.8, DIN 933, black Steel",Spare parts,Mechanical items,Fasteners,Fasteners.,,Each,Buyer_05,9007,Vendor_021,14 days,Site_077,CLOSED,Valid,Valid,1000,1000,0,0,EGP,1,1000,1.19,1190,1190
ESCC,2019-04-15 00:00:00,2019-05-14 00:00:00,2019-06-10 13:00:01,190272,Approved,2,Goods,4100100265,"Screw, hexagon head, M20X060, steel grade 8.8, DIN 933, black Steel",Spare parts,Mechanical items,Fasteners,Fasteners.,,Each,Buyer_05,9007,Vendor_021,14 days,Site_077,CLOSED,Valid,Valid,500,500,0,0,EGP,1,500,4.5,2250,2250
ASF,2019-04-15 00:00:00,2019-05-14 00:00:00,2019-06-10 13:00:01,190272,Approved,3,Goods,4100300328,"Nut, hexagon, M20, steel class 8, DIN 934, normal metric thread",Spare parts,Mechanical items,Fasteners,Fasteners.,,Each,Buyer_05,9007,Vendor_021,14 days,Site_077,CLOSED,Valid,Valid,1000,1000,0,0,EGP,1,1000,1.4,1400,1400
ASF,2019-04-15 00:00:00,2019-05-14 00:00:00,2019-08-18 12:32:27,190273,Approved,1,Goods,3052803644,"Ring, support, dwg.no. 10204550,material no.: 1.0038, for wear protection for joint head",Spare parts,Mechanical items,mechanical items for raw meal production area (300),Sealing ring of Atox mill.,,Each,Buyer_05,9056,Vendor_067,14 days,Site_057,CLOSED,Valid,Valid,5,5,0,0,EGP,1,5,10800,54000,54000
EGYLUX,2019-04-15 00:00:00,2019-05-14 00:00:00,2019-08-18 12:32:27,190273,Approved,2,Goods,3019903645,"Ring, outer sealing air, dwg.no. 30045663, material no.: 1.0038, for wear protection for joint head",Spare parts,Mechanical items,mechanical items for raw meal production area (300),Sealing ring of Atox mill.,,Each,Buyer_05,9056,Vendor_067,14 days,Site_057,CLOSED,Valid,Valid,5,5,0,0,EGP,1,5,4978,24890,24890
ASF,2019-04-15 00:00:00,,,190274,Rejected,1,Goods,3080203612,"Bulbs, halogen, power 150w, voltage 24VDC, for lighting,(Germany).",Spare parts,Electrical items,Electrical Miscellaneous,Electrical needs,,Each,Buyer_06,9044,Vendor_107,Immediate,Site_081,OPEN,Valid,Valid,0,0,0,0,EGP,1,30,85.5,2565,2565
ESCC,2019-04-15 00:00:00,,,190274,Rejected,2,Goods,3080201395,"Bulbs, designation halogen, power 500w, voltage 220vac, for lighting,(China).",Spare parts,Electrical items,Electrical Miscellaneous,Electrical needs,,Each,Buyer_06,9044,Vendor_107,Immediate,Site_081,OPEN,Valid,Valid,0,0,0,0,EGP,1,30,14.25,427.5,427.5
EGYLUX,2019-04-14 00:00:00,,,190264,Incomplete,1,Goods,3010909498,"Seal, oil, BA-SF 62x120x12/8- FKM ( VITON )",Spare parts,Mechanical items,Mechanical Miscellaneous,Seals,,Each,Buyer_04,9119,Vendor_004,,Site_039,OPEN,Valid,Valid,0,0,0,0,GBP,22.645,3,16,48,1086.96
ESCC,2019-04-14 00:00:00,,,190264,Incomplete,2,Goods,3010909569,"Seal, oil, AS 060x110x12 DIN 3760 Viton",Spare parts,Mechanical items,Mechanical Miscellaneous,Seals,,Each,Buyer_04,9119,Vendor_004,,Site_039,OPEN,Valid,Valid,0,0,0,0,GBP,22.645,2,15,30,679.35
EGYLUX,2019-04-14 00:00:00,2019-05-15 00:00:00,2019-07-28 09:53:43,190265,Approved,1,Goods,4100504955,"Snap Lock, metal brand unisto for cement bulk",Production supplies,Production supplies,Production supplies,Snap Lock,,Each,Buyer_03,9102,Vendor_108,14 days,Site_061,CLOSED,Valid,Valid,20000,20000,0,0,EGP,1,20000,1.95,39000,39000
EGYLUX,2019-04-14 00:00:00,2019-05-14 00:00:00,2019-05-27 11:39:01,190266,Approved,1,Direct,,"Safety Rope, size 18mm, material: Silk, for well pump ",,,,Safety Rope,,meter,Buyer_03,9125,Vendor_106,Immediate,Site_061,CLOSED,Valid,Valid,200,200,0,0,EGP,1,200,10.5,2100,2100
EMAS,2019-04-14 00:00:00,2019-05-14 00:00:00,2019-05-27 13:12:10,190267,Approved,1,Direct,,3M Connection With Resin Unit 1*50 mm2.,,,,Well matser hose and cables,,Each,Buyer_06,9006,Vendor_142,14 days,Site_044,CLOSED,Valid,Valid,4,4,0,0,EGP,1,4,465,1860,1860
ESCC,2019-04-14 00:00:00,2019-05-14 00:00:00,2019-05-27 13:12:10,190267,Approved,2,Direct,,"Marine cable, 1 X 50 mm , Code: HO7RN-F , Italy.",,,,Well matser hose and cables,,meter,Buyer_06,9006,Vendor_142,14 days,Site_044,CLOSED,Valid,Valid,800,800,0,0,EGP,1,800,109,87200,87200
ASF,2019-04-14 00:00:00,2019-04-16 00:00:00,,190268,Approved,1,Goods,4090600375,"Sheet, thickness 04 mm, material steel 37 (material no. 1.0038) black, according to DIN 1541, weight/m2= 064 kg, recommended sheet dimensions 1.87 mX6.25 m.",Spare parts,Workshop material,Workshop material,Sheet for bucket elevator (W.R1472311).,,Kilogram,Buyer_01,9031,Vendor_040,30 days,Site_085,OPEN,Valid,Valid,24050,24050,0,0,EGP,1,25000,11.4,285000,285000
ASF,2019-04-14 00:00:00,2019-04-21 00:00:00,2019-11-12 10:37:00,190269,Approved,1,Goods,4100111362,"Screw, hexagon head, M20X150, steel grade 10.9, DIN 933, galvanized",Spare parts,Mechanical items,Fasteners,Fasteners.,,Each,Buyer_05,9093,Vendor_088,14 days,Site_064,CLOSED,Valid,Valid,20,20,0,0,EGP,1,20,60,1200,1200
ESCC,2019-04-14 00:00:00,2019-04-21 00:00:00,2019-11-12 10:37:00,190269,Approved,2,Goods,4100111364,"Screw, hexagon head, M20X190, steel grade 10.9, DIN 933, galvanized",Spare parts,Mechanical items,Fasteners,Fasteners.,,Each,Buyer_05,9093,Vendor_088,14 days,Site_064,CLOSED,Valid,Valid,20,20,0,0,EGP,1,20,75,1500,1500
ASF,2019-04-13 00:00:00,2019-06-16 00:00:00,2019-07-18 11:35:23,190261,Approved,1,Goods,4092504086,"Belt, rubber Cleaning nonflammable, type cleaning fluid, ref. no. 595 9023, package content 800 ml, TIP TOP",Spare parts,Belt conveyor,Belt conveyors,Bonding material for rubber belt conveyors.,,Each,Buyer_01,9049,Vendor_151,30 days,Site_106,CLOSED,Valid,Valid,10,10,0,0,EGP,1,10,144,1440,1440
ASF,2019-04-13 00:00:00,2019-06-16 00:00:00,2019-07-09 14:46:13,190262,Approved,1,Goods,4092504087,"Belt, rubber pullies Rema grip bonding, type Metal Primer PR 200, CFC free for cement SC 2000/BC 3000/SC 4000, ref. no. 525 2406, package content 750 g, TIP TOP",Spare parts,Belt conveyor,Belt conveyors,Bonding material for rubber belt conveyors.,,Each,Buyer_01,9062,Vendor_124,30 days,Site_071,CLOSED,Valid,Valid,4,4,0,0,EGP,1,4,200,800,800
ESCC,2019-04-13 00:00:00,2019-04-16 00:00:00,2019-06-19 16:17:39,190263,Approved,2,Goods,3010700519,"Silicon, heat resistant up to150 C",Spare parts,Mechanical items,Mechanical Miscellaneous,Heat resistant silicon.,,Each,Buyer_05,9046,Vendor_081,14 days,Site_107,CLOSED,Valid,Valid,200,200,0,0,EGP,1,200,32.89,6578,6578
EGYLUX,2019-04-11 00:00:00,2019-06-16 00:00:00,2019-11-12 12:34:48,190254,Approved,1,Goods,3059911009,"Bearing,  LME 16UU linear motion  for packing",Spare parts,Mechanical items,mechanical items for cement storage and dispatch area (600),Case and bearing for packing.,,Each,Buyer_01,9154,Vendor_127,30 days,Site_004,CLOSED,Valid,Valid,12,12,0,0,EGP,1,12,137.75,1653,1653
ESCC,2019-04-11 00:00:00,2019-06-16 00:00:00,2019-11-12 12:34:48,190254,Approved,2,Goods,3059911355,"Case unit type, SCE 16-LME16UU",Spare parts,Mechanical items,mechanical items for cement storage and dispatch area (600),Case and bearing for packing.,,Each,Buyer_01,9154,Vendor_127,30 days,Site_004,CLOSED,Valid,Valid,12,12,0,0,EGP,1,12,451.25,5415,5415
EGYLUX,2019-04-11 00:00:00,2019-06-16 00:00:00,2019-07-31 16:45:38,190255,Approved,1,Goods,3051108184,"Hose, hydraulic, EN856 4SP, DN16, L 800mm, ends DKO female swivel straight, 1E25DS16, DKO female swivel 45 deg 1E25DSA16,  S=50, GS-Hydro 616047, FLS part list 50030495, item 07.03.08.11,Pos. 97, for hydraulic cylinder atox raw mill 45",Spare parts,Mechanical items,mechanical items for raw meal production area (300),Hose for atox mill 45,,Each,Buyer_01,9076,Vendor_165,30 days,Site_107,CLOSED,Valid,Valid,3,3,0,0,EGP,1,3,252,756,756
ASF,2019-04-11 00:00:00,2019-06-16 00:00:00,2019-07-31 16:45:38,190255,Approved,2,Goods,3051108185,"Hose, hydraulic, EN856 4SP, DN16, L 900mm, ends DKO female swivel straight, 1E25DS16, DKO female swivel 45 deg, 1E25DSA16,  S=50,GS-Hydro 616047, FLS part list 50030495, item no. 07.03.08.10, Pos. 98, for hydraulic cylinder atox raw mill 45",Spare parts,Mechanical items,mechanical items for raw meal production area (300),Hose for atox mill 45,,Each,Buyer_01,9076,Vendor_165,30 days,Site_107,CLOSED,Valid,Valid,3,3,0,0,EGP,1,3,266.4,799.2,799.2
ASF,2019-04-11 00:00:00,2019-04-16 00:00:00,2019-05-06 14:30:54,190256,Approved,1,Goods,4080100187,"Electrode, welding, basic, AWS A5.1-81:7018, 4 mm wire diameter, DIN 1913:E5143B10, ISO E51 4B 120 26H",Spare parts,Mechanical items,Welding materials,Welding electrodes.,,Kilogram,Buyer_05,9011,Vendor_101,14 days,Site_086,CLOSED,Valid,Valid,350,350,0,0,EGP,1,350,45,15750,15750
ASF,2019-04-11 00:00:00,2019-04-16 00:00:00,2019-05-06 14:30:39,190257,Approved,1,Goods,4090611024,"Electrode, welding, arc gouging, 10 mm wire diameter",Spare parts,Workshop material,Workshop material,Arc gouging  welding electrodes.,,Each,Buyer_05,9011,Vendor_101,14 days,Site_086,CLOSED,Valid,Valid,500,500,0,0,EGP,1,500,5,2500,2500
EMAS,2019-04-11 00:00:00,2019-06-16 00:00:00,2019-08-22 16:22:36,190258,Approved,1,Direct,,"Repair and test variable displacement pump, type A4VG250EP2D1/32R-NSD10F001DH-S T, speed 1800 r.p.m, serial no. 23083036, Rexroth code R902102080, for cross bar cooler hydraulic drive unit",,,,Repair and test,,Each,Buyer_03,9015,Vendor_140,14 days,Site_061,CLOSED,Valid,Valid,1,1,0,0,EGP,1,1,25000,25000,25000
EGYLUX,2019-04-11 00:00:00,2019-06-16 00:00:00,2019-09-25 16:06:11,190259,Approved,1,Goods,3051505053,"Switch, pressure, hydro- electric, type HED8 OA-2X/ 100 K 14 S, BOSCH group, for cooler drive of kiln",Spare parts,Mechanical items,mechanical items for clinker production area (400),Switch pressure,,Each,Buyer_03,9015,Vendor_140,14 days,Site_061,CLOSED,Valid,Valid,3,3,0,0,EGP,1,3,2900,8700,8700
EMAS,2019-04-11 00:00:00,2019-04-21 00:00:00,2019-05-07 11:37:12,190260,Approved,1,Goods,3051110484,"hose, hydraulic, EN 853-2SN- DN 10 (3/8 in)-330 bar, length 1500 mm, female ends, straight and 90 deg.DKO at both sides, S=19 mm, for nitrogen connection, for ATOX raw mill",Spare parts,Mechanical items,mechanical items for raw meal production area (300),Hoses for nitrogen connection for atox raw mill.,,Each,Buyer_01,9076,Vendor_165,Immediate,Site_107,CLOSED,Valid,Valid,20,20,0,0,EGP,1,20,128,2560,2560
EMAS,2019-04-11 00:00:00,2019-04-21 00:00:00,2019-05-07 11:37:12,190260,Approved,2,Goods,3051110485,"hose, hydraulic, EN 853-2SN- DN 10 (3/8 in)-330 bar, length 1500 mm, straight female ends, DKO at both sides, S=19 mm, for nitrogen connection, for ATOX raw mill",Spare parts,Mechanical items,mechanical items for raw meal production area (300),Hoses for nitrogen connection for atox raw mill.,,Each,Buyer_01,9076,Vendor_165,Immediate,Site_107,CLOSED,Valid,Valid,5,5,0,0,EGP,1,5,128,640,640
ESCC,2019-04-10 00:00:00,2019-04-16 00:00:00,2019-12-23 12:15:50,190251,Approved,1,Goods,3010910480,"Seal, oil, 038x052x7, material VITON, for 461.RF085",Spare parts,Mechanical items,mechanical items for clinker production area (400),Oil seal for geared motor 461-RF085,,Each,Buyer_01,9034,Vendor_064,30 days,Site_045,CLOSED,Valid,Valid,2,2,0,0,EGP,1,2,96,192,192
EMAS,2019-04-10 00:00:00,2019-06-16 00:00:00,2019-08-05 12:46:06,190252,Approved,1,Goods,4091000566,"Rope, wire, 6X19 construction, steel core size 3/4 in,Galvanized",Spare parts,Mechanical items,Mechanical Miscellaneous,Rope,,Meter,Buyer_03,9039,Vendor_118,14 days,Site_077,CLOSED,Valid,Valid,350,350,0,0,EGP,1,350,60,21000,21000
ESCC,2019-04-10 00:00:00,2019-06-16 00:00:00,2019-07-04 14:12:20,190253,Approved,1,Goods,3040201874,"Valve, 5/2, type MAV 25 PPS OO, 1/8 inch, max 10 bar, hand operated, supplier METALWORK, sr. no. 7010001500, pos. 21, code 631018Z, for bag holder, for P/Mc Replacement with Waircom",Spare parts,Mechanical items,mechanical items for cement storage and dispatch area (600),Valve,,Each,Buyer_03,9105,Vendor_083,14 days,Site_106,CLOSED,Valid,Valid,6,6,0,0,EGP,1,6,356.25,2137.5,2137.5
ESCC,2019-04-09 00:00:00,,,190244,Rejected,1,Goods,4090500430,"Beam, standard, UPN 080x6000 mm, weight/m=08.64 Kg, according to DIN 1026",Spare parts,Workshop material,Workshop material,Beams for overhaul.,,Kilogram,Buyer_01,9031,Vendor_040,30 days,Site_085,OPEN,Valid,Valid,0,0,0,0,EGP,1,518.4,10.789,5593.02,5593.02
EMAS,2019-04-09 00:00:00,,,190244,Rejected,2,Goods,4090500431,"Beam, standard, UPN 100x6000 mm, weight/m=10.60 Kg, according to DIN 1026",Spare parts,Workshop material,Workshop material,Beams for overhaul.,,Kilogram,Buyer_01,9031,Vendor_040,30 days,Site_085,OPEN,Valid,Valid,0,0,0,0,EGP,1,636,10.789,6861.8,6861.8
EGYLUX,2019-04-09 00:00:00,2019-06-16 00:00:00,2019-07-09 14:50:44,190245,Approved,1,Goods,3053603666,قماش أسطبة قطن 100% علي أن لا يقل المقاس عن 25 سم في 25 سم,Lubricants,Lubricants,Lubricants,Rag PR.,,Kilogram,Buyer_01,9073,Vendor_035,30 days,Site_076,CLOSED,Valid,Valid,500,500,0,0,EGP,1,500,6.75,3375,3375
EGYLUX,2019-04-09 00:00:00,2019-04-16 00:00:00,,190246,Approved,1,Goods,4090810483,"Rod, round, diameter 45 mm, recommended length 2000 mm, weight per meter 12.5 kg/m, material 34Cr NiMo6",Wear parts,Workshop material,Workshop material,Round rod for atox mill.,,kiloGram,Buyer_01,9115,Vendor_066,Immediate,Site_009,OPEN,Valid,Valid,25,23.0128,0,0,EGP,1,25,30,750,750
EGYLUX,2019-04-09 00:00:00,2019-07-10 00:00:00,2019-07-24 17:04:15,190247,Approved,1,Goods,4090600381,"Sheet, thickness 16 mm, material steel 37 (material no. 1.0038) black, according to DIN 1541, weight/m2= 128 kg, recommended sheet dimensions 1.5mX6m.",Spare parts,Workshop material,Workshop material,Complementery for PO # 180672,,Kilogram,Buyer_01,9042,Vendor_086,Immediate,Site_069,CLOSED,Valid,Valid,40,40,0,0,EGP,1,40,11.84,473.6,473.6
EGYLUX,2019-04-09 00:00:00,2019-04-16 00:00:00,2019-04-23 12:22:37,190248,Approved,1,Direct,,Flushing for Coal Mill Hydraulic unit 461HY110,,,,Flushing for hydraulic units,,Each,Buyer_03,9120,Vendor_055,14 days,Site_002,CLOSED,Valid,Valid,1,1,0,0,EGP,1,1,45000,45000,45000
EGYLUX,2019-04-09 00:00:00,2019-04-16 00:00:00,2019-04-23 12:22:37,190248,Approved,2,Direct,,Flushing for hydraulic cooler circut  441MD140,,,,Flushing for hydraulic units,,Each,Buyer_03,9120,Vendor_055,14 days,Site_002,CLOSED,Valid,Valid,1,1,0,0,EGP,1,1,90000,90000,90000
EMAS,2019-04-09 00:00:00,2019-04-16 00:00:00,2019-05-07 11:38:05,190249,Approved,1,Goods,4100504954,"Snap Lock, plastic for cement bulk",Spare parts,Workshop material,Workshop material,Snap Lock,,Each,Buyer_03,9102,Vendor_108,14 days,Site_061,CLOSED,Valid,Valid,12000,12000,0,0,EGP,1,12000,1.8,21600,21600
EMAS,2019-04-09 00:00:00,2019-04-16 00:00:00,2019-05-06 14:38:03,190250,Approved,1,Goods,4090500409,"Beam, standard, HEB 120x6000 mm, weight/m=26.7 Kg, according to DIN 1025",Spare parts,Workshop material,Workshop material,Beam for reclaimer.,,Kilogram,Buyer_01,9031,Vendor_040,30 days,Site_085,CLOSED,Valid,Valid,320.4,320.4,0,0,EGP,1,320.4,12.06,3864.02,3864.02
ASF,2019-04-08 00:00:00,2019-06-16 00:00:00,2019-08-29 11:59:02,190234,Approved,1,Goods,3049908073,"Valve, solenoid, Vickers DG3VP-3-102A-VMUH-10, or Parker W2n 320N 6AB2, part no. 510259, Pos. 18, for hydraulic thrust system 431.HT120",Spare parts,Mechanical items,mechanical items for clinker production area (400),spare parts for 431.HT120,,Each,Buyer_03,9064,Vendor_048,Immediate,Site_065,CLOSED,Valid,Valid,1,1,0,0,EGP,1,1,9828,9828,9828
EGYLUX,2019-04-08 00:00:00,2019-06-16 00:00:00,2019-08-29 11:59:02,190234,Approved,2,Goods,3049908074,"Valve, subplate, DGMS-3-1E-11-R Vickers, or Parker 3/8in BSP, part no. SPD23B910, Pos. 19, for hydraulic thrust system 431.HT120",Spare parts,Mechanical items,mechanical items for clinker production area (400),spare parts for 431.HT120,,Each,Buyer_03,9064,Vendor_048,Immediate,Site_065,CLOSED,Valid,Valid,1,1,0,0,EGP,1,1,1322,1322,1322
EMAS,2019-04-08 00:00:00,2019-06-16 00:00:00,2019-08-29 11:59:02,190234,Approved,3,Goods,3049908075,"Valve, pressure relief, 1/4in, type RG C-175-F-11UB Vickers, or Parker R4V03 563 30 A1, part no. 016-87241-0, Pos. 20, for hydraulic thurst system 431.HT120",Spare parts,Mechanical items,mechanical items for clinker production area (400),spare parts for 431.HT120,,Each,Buyer_03,9064,Vendor_048,Immediate,Site_065,CLOSED,Valid,Valid,1,1,0,0,EGP,1,1,10312,10312,10312
ASF,2019-04-08 00:00:00,,,190235,Rejected,1,Goods,3082904769,"Power Plug & socket , Range 63A,Voltage 380V, 5 PIN, Phases 3PNE,Protection IP67, type: wander , as mentioned in the offer.",Spare parts,Electrical items,Electrical Miscellaneous,Plug 63A,,Each,Buyer_06,9006,Vendor_142,14 days,Site_044,OPEN,Valid,Valid,0,0,0,0,EGP,1,20,770,15400,15400
EGYLUX,2019-04-08 00:00:00,2019-06-16 00:00:00,2019-12-17 11:47:30,190236,Approved,1,Goods,3030201128,"Belt, V-belt type, SPA 2800",Spare parts,Mechanical items,V-belt items,Belt,,Each,Buyer_03,9098,Vendor_033,14 days,Site_090,CLOSED,Valid,Valid,16,16,0,0,EGP,1,16,117.5,1880,1880
ESCC,2019-04-08 00:00:00,2019-08-06 00:00:00,2019-09-16 13:46:11,190237,Approved,1,Goods,3082904861,"Plug Power, Range 16A, Voltage 220V, 3 PIN, Phases 2PE, Protection IP67, Europe.",Spare parts,Electrical items,Electrical Miscellaneous,Electrical needs,,Each,Buyer_06,9006,Vendor_142,14 days,Site_044,CLOSED,Valid,Valid,20,20,0,0,EGP,1,20,130,2600,2600
ASF,2019-04-08 00:00:00,2019-04-10 00:00:00,2019-07-28 09:53:44,190238,Approved,1,Goods,4100504955,"Snap Lock, metal brand unisto for cement bulk",Production supplies,Production supplies,Production supplies,Snap Lock,,Each,Buyer_03,9102,Vendor_108,14 days,Site_061,CLOSED,Valid,Valid,20000,20000,0,0,EGP,1,20000,1.95,39000,39000
EMAS,2019-04-08 00:00:00,,,190239,Rejected,1,Goods,5060205044,"Safety, harness with shock absorber , type: 35 ,CLIMAX , SPAIN.",Safety,Safety,Safety,Tool for workshop,,Each,Buyer_06,9024,Vendor_169,30 days,Site_059,OPEN,Valid,Valid,0,0,0,0,EGP,1,15,880,13200,13200
ESCC,2019-04-08 00:00:00,,,190240,Rejected,1,Goods,3049911284,"Pressure Regulator,P1=40 bar,P2=13 bar,type: U47W9/T,Spectrotec,Pos.13,Item no.111210,assembly dwg.52-0015-005,Supplier Danfoss Semco,Ref. no.52-0015-00,FLS order: 4-1420253-460671A,for low pressure tank CO2 inertisation system461.FI490",Spare parts,Mechanical items,Fire fighting,Pressure Regulator,,Each,Buyer_04,9157,Vendor_016,,Site_027,OPEN,Valid,Valid,0,0,0,0,EUR,19.48,1,2422.5,2422.5,47190.3
ESCC,2019-04-08 00:00:00,,,190241,Rejected,1,Goods,3080201392,"Bulbs, designation halogen, power 1000w, voltage 220vac, for lighting",Spare parts,Electrical items,Electrical Miscellaneous,Lighting,,Each,Buyer_06,9006,Vendor_142,14 days,Site_044,OPEN,Valid,Valid,0,0,0,0,EGP,1,50,45,2250,2250
ESCC,2019-04-08 00:00:00,,,190241,Rejected,2,Goods,3080201400,"Flood light unit, halogen type, with lamp, rating 1000 watt.",Spare parts,Electrical items,Electrical Miscellaneous,Lighting,,Each,Buyer_06,9006,Vendor_142,14 days,Site_044,OPEN,Valid,Valid,0,0,0,0,EGP,1,25,480,12000,12000
ASF,2019-04-08 00:00:00,2019-04-16 00:00:00,2019-04-22 14:46:04,190242,Approved,1,Goods,7990109200,"Bag, for cement (El SEWEDY), 1ply 90 grm + 1ply 85 grm, capacity 50 kg",Bags (for packing),Bags (for packing),Bags (for packing),Bag for cement,,Each,Buyer_06,9028,Vendor_049,21 days,Site_043,CLOSED,Valid,Valid,2816000,2816000,0,0,EGP,1,2816000,3.336,9394176,9394176
EMAS,2019-04-08 00:00:00,2019-04-16 00:00:00,2019-05-07 11:36:22,190243,Approved,1,Goods,4101110993,"Nipple, greasing, G 1/ 4 inch, straight, ISO 228/1",Spare parts,Mechanical items,Mechanical Miscellaneous,Nipple,,Each,Buyer_03,9051,Vendor_144,14 days,Site_057,CLOSED,Valid,Valid,350,350,0,0,EGP,1,350,8,2800,2800
ESCC,2019-04-08 00:00:00,2019-04-16 00:00:00,2019-05-07 11:36:22,190243,Approved,2,Direct,,"Nipple, greasing, G 1/ 8 inch, straight, ISO 228/1",,,,Nipple,,Each,Buyer_03,9051,Vendor_144,14 days,Site_057,CLOSED,Valid,Valid,50,50,0,0,EGP,1,50,5,250,250
EGYLUX,2019-04-04 00:00:00,2019-06-16 00:00:00,2019-10-30 17:21:10,190233,Approved,1,Goods,3030601846,"Coupling, hydraulic coupling type FAD-297, supplier FLENDER, for backing bucket elevator drive unit",Spare parts,Driving element,mechanical items for cement storage and dispatch area (600),Coupling,,Each,Buyer_04,9155,Vendor_008,,Site_036,CLOSED,Valid,Valid,1,1,0,0,USD,17.363,1,3000,3000,52089
ESCC,2019-04-03 00:00:00,2019-06-16 00:00:00,2019-09-10 10:35:35,190231,Approved,1,Goods,7990105250,"Bags, plastic  size 300x400mm, thickness 80 micron for laboratory samples",Spare parts,Mechanical items,Laboratory,Plastic bags for samples of quality control dept.,,Kilogram,Buyer_01,9045,Vendor_102,Immediate,Site_100,CLOSED,Valid,Valid,500,500,0,0,EGP,1,500,32,16000,16000
ESCC,2019-04-03 00:00:00,2019-04-04 00:00:00,2019-11-17 11:08:20,190232,Approved,1,Capex,,05A,,,,,,Each,Buyer_02,9156,Vendor_167,,Site_067,CLOSED,Valid,Valid,10,10,0,0,EGP,1,10,105.26,1052.6,1052.6
ASF,2019-04-03 00:00:00,2019-04-04 00:00:00,2019-11-17 11:08:20,190232,Approved,2,Capex,,17A,,,,,,Each,Buyer_02,9156,Vendor_167,,Site_067,CLOSED,Valid,Valid,3,3,0,0,EGP,1,3,307.02,921.06,921.06
ASF,2019-04-03 00:00:00,2019-04-04 00:00:00,2019-11-17 11:08:20,190232,Approved,3,Capex,,19A,,,,,,Each,Buyer_02,9156,Vendor_167,,Site_067,CLOSED,Valid,Valid,2,2,0,0,EGP,1,2,421.05,842.1,842.1
EMAS,2019-04-03 00:00:00,2019-04-04 00:00:00,2019-11-17 11:08:20,190232,Approved,4,Capex,,35A,,,,,,Each,Buyer_02,9156,Vendor_167,,Site_067,CLOSED,Valid,Valid,5,5,0,0,EGP,1,5,100.88,504.4,504.4
EGYLUX,2019-04-03 00:00:00,2019-04-04 00:00:00,2019-11-17 11:08:20,190232,Approved,5,Capex,,37A,,,,,,Each,Buyer_02,9156,Vendor_167,,Site_067,CLOSED,Valid,Valid,3,3,0,0,EGP,1,3,877.19,2631.57,2631.57
ASF,2019-04-03 00:00:00,2019-04-04 00:00:00,2019-11-17 11:08:20,190232,Approved,6,Capex,,64A,,,,,,Each,Buyer_02,9156,Vendor_167,,Site_067,CLOSED,Valid,Valid,8,8,0,0,EGP,1,8,289.47,2315.76,2315.76
ESCC,2019-04-03 00:00:00,2019-04-04 00:00:00,2019-11-17 11:08:20,190232,Approved,7,Capex,,81A,,,,,,Each,Buyer_02,9156,Vendor_167,,Site_067,CLOSED,Valid,Valid,5,5,0,0,EGP,1,5,350.88,1754.4,1754.4
EMAS,2019-04-03 00:00:00,2019-04-04 00:00:00,2019-11-17 11:08:20,190232,Approved,8,Capex,,920 Black / Eng. Gamal Elleithy,,,,,,Each,Buyer_02,9156,Vendor_167,,Site_067,CLOSED,Valid,Valid,1,1,0,0,EGP,1,1,263.16,263.16,263.16
ESCC,2019-04-03 00:00:00,2019-04-04 00:00:00,2019-11-17 11:08:20,190232,Approved,9,Capex,,920 cyan / Eng. Gamal Elleithy,,,,,,Each,Buyer_02,9156,Vendor_167,,Site_067,CLOSED,Valid,Valid,1,1,0,0,EGP,1,1,263.16,263.16,263.16
ESCC,2019-04-03 00:00:00,2019-04-04 00:00:00,2019-11-17 11:08:20,190232,Approved,10,Capex,,920 pink / Eng. Gamal Elleithy,,,,,,Each,Buyer_02,9156,Vendor_167,,Site_067,CLOSED,Valid,Valid,1,1,0,0,EGP,1,1,263.16,263.16,263.16
ASF,2019-04-03 00:00:00,2019-04-04 00:00:00,2019-11-17 11:08:20,190232,Approved,11,Capex,,920 yellow / Eng. Gamal Elleithy,,,,,,Each,Buyer_02,9156,Vendor_167,,Site_067,CLOSED,Valid,Valid,1,1,0,0,EGP,1,1,263.16,263.16,263.16
EMAS,2019-04-02 00:00:00,,,190226,Rejected,1,Goods,4089905281,Brown glasses piece for welding shade helmet,Spare parts,Workshop material,Workshop material,Consumables.,,Each,Buyer_05,9001,Vendor_087,14 days,Site_072,OPEN,Valid,Valid,0,0,0,0,EGP,1,30,1.75,52.5,52.5
EGYLUX,2019-04-02 00:00:00,,,190226,Rejected,2,Goods,4089905282,White glasses piece for welding shade helmet,Spare parts,Workshop material,Workshop material,Consumables.,,Each,Buyer_05,9001,Vendor_087,14 days,Site_072,OPEN,Valid,Valid,0,0,0,0,EGP,1,30,0.75,22.5,22.5
EGYLUX,2019-04-02 00:00:00,,,190226,Rejected,3,Goods,4089905284,Welding electrode holders Model : perfecta 5,Spare parts,Workshop material,Workshop material,Consumables.,,Each,Buyer_05,9001,Vendor_087,14 days,Site_072,OPEN,Valid,Valid,0,0,0,0,EGP,1,20,140,2800,2800
ASF,2019-04-02 00:00:00,,,190226,Rejected,4,Goods,3080305844,Hoses for oxygen and esteline cutting and heating torches,Spare parts,Workshop material,Workshop material,Consumables.,,Meter,Buyer_05,9001,Vendor_087,14 days,Site_072,OPEN,Valid,Valid,0,0,0,0,EGP,1,400,23,9200,9200
ASF,2019-04-02 00:00:00,,,190226,Rejected,6,Goods,3089907542,"Clamp, earth clamp, 600A, for welding machine.",Spare parts,Electrical items,Electrical Miscellaneous,Consumables.,,Each,Buyer_05,9001,Vendor_087,14 days,Site_072,OPEN,Valid,Valid,0,0,0,0,EGP,1,20,105,2100,2100
EMAS,2019-04-02 00:00:00,,,190226,Rejected,7,Direct,,Welding cables 90 mm2,,,,Consumables.,,Each,Buyer_05,9001,Vendor_087,14 days,Site_072,OPEN,Valid,Valid,0,0,0,0,EGP,1,100,136,13600,13600
EGYLUX,2019-04-02 00:00:00,,,190226,Rejected,8,Direct,,gouging electrode holder,,,,Consumables.,,Each,Buyer_05,9001,Vendor_087,14 days,Site_072,OPEN,Valid,Valid,0,0,0,0,EGP,1,1,2250,2250,2250
EGYLUX,2019-04-02 00:00:00,2019-08-06 00:00:00,2019-09-08 16:24:11,190227,Approved,1,Goods,3089907539,"Connector, complete male connector, 50-70 mm2, code LCR-36C5070M, for welding machine.",Spare parts,Electrical items,Electrical Miscellaneous,Consumables.,,Each,Buyer_05,9017,Vendor_058,14 days,Site_043,CLOSED,Valid,Valid,30,30,0,0,EGP,1,30,35,1050,1050
EGYLUX,2019-04-02 00:00:00,2019-08-06 00:00:00,2019-11-21 13:10:01,190228,Approved,1,Goods,3059905271,Oxygen and esteline manometers,Spare parts,Workshop material,Workshop material,Consumables.,,Each,Buyer_05,9055,Vendor_037,14 days,Site_061,CLOSED,Valid,Valid,14,14,0,0,EGP,1,14,1280,17920,17920
ESCC,2019-04-02 00:00:00,2019-08-06 00:00:00,2019-11-21 13:10:01,190228,Approved,2,Goods,4090905707,"Flashback arrestor, SL. Grade 99, 3/8 X 3/8 in, for OXYGEN cylinders, for cutting",Spare parts,Workshop material,Workshop material,Consumables.,,Each,Buyer_05,9055,Vendor_037,14 days,Site_061,CLOSED,Valid,Valid,20,20,0,0,EGP,1,20,295,5900,5900
EGYLUX,2019-04-02 00:00:00,2019-08-06 00:00:00,2019-11-21 13:10:01,190228,Approved,3,Goods,4090905708,"Flashback arrestor, SL. Grade 99, 3/8 X 3/8 in, for ACYTELEN, HY and PRO cylinders, for cutting",Spare parts,Workshop material,Workshop material,Consumables.,,Each,Buyer_05,9055,Vendor_037,14 days,Site_061,CLOSED,Valid,Valid,20,20,0,0,EGP,1,20,295,5900,5900
ESCC,2019-04-02 00:00:00,2019-08-06 00:00:00,2019-11-21 13:10:01,190228,Approved,4,Goods,4089906226,"Pick, nozzel, size 2, type HARRIS, for cutting and heating torches",Spare parts,Workshop material,Workshop material,Consumables.,,Each,Buyer_05,9055,Vendor_037,14 days,Site_061,CLOSED,Valid,Valid,20,20,0,0,EGP,1,20,72,1440,1440
EMAS,2019-04-02 00:00:00,,,190229,Rejected,1,Goods,3082904861,"Plug Power, Range 16A, Voltage 220V, 3 PIN, Phases 2PE, Protection IP67,Europe.",Spare parts,Electrical items,Electrical Miscellaneous,Electrical needs,,Each,Buyer_06,9006,Vendor_142,14 days,Site_044,OPEN,Valid,Valid,0,0,0,0,EGP,1,50,130,6500,6500
ESCC,2019-04-02 00:00:00,,,190229,Rejected,2,Goods,3080305209,"Cable, power cable, size 2X2.5 mm2, multicore cables, with stranded, copper conductor, insulated PVC and PVC sheathed, cable voltage 0.6-1.2KV, IEC 60502.   ",Spare parts,Electrical items,Cables and Cable Accessories,Electrical needs,,Meter,Buyer_06,9006,Vendor_142,14 days,Site_044,OPEN,Valid,Valid,0,0,0,0,EGP,1,500,11.85,5925,5925
EMAS,2019-04-02 00:00:00,,,190229,Rejected,3,Goods,3080307264,"Cable reel, 240VAC, 50Hz, 4 outputs, cable length 50 meter, with support.",Spare parts,Electrical items,Cables and Cable Accessories,Electrical needs,,Each,Buyer_06,9006,Vendor_142,14 days,Site_044,OPEN,Valid,Valid,0,0,0,0,EGP,1,10,1050,10500,10500
EGYLUX,2019-04-02 00:00:00,,,190230,Rejected,1,Goods,3089907541,"Lug, tight in cable lugs, for cable 50mm2, M14, code LCR-36CL08-50, for welding machine.",Spare parts,Electrical items,Electrical Miscellaneous,Cable lugs.,,Each,Buyer_05,9006,Vendor_142,14 days,Site_044,OPEN,Valid,Valid,0,0,0,0,EGP,1,25,9.75,243.75,243.75
EGYLUX,2019-04-02 00:00:00,,,190230,Rejected,2,Goods,3089906621,"Lug, tight in cable lugs, for cable 90mm2,  for welding machine.",Spare parts,Electrical items,Electrical Miscellaneous,Cable lugs.,,Each,Buyer_05,9006,Vendor_142,14 days,Site_044,OPEN,Valid,Valid,0,0,0,0,EGP,1,40,26,1040,1040
EMAS,2019-04-01 00:00:00,,,190222,Rejected,1,Goods,3081511297,"Heating element, 45KW, 400V, 65.03A, type:RC350C76, AMARC,  Pos. 4, Item no. 112308,assembly dwg.52-0015-002, Supplier:Danfoss Semco, Ref.no. 52-0015-00,FLS order: 4-1420253-460671A, for low pressure tank CO2 inertisation system 461.FI490",Spare parts,Electrical items,Fire fighting,Heating Element,,Each,Buyer_04,9151,Vendor_020,,Site_038,OPEN,Valid,Valid,0,0,0,0,EUR,19.9796,1,2700,2700,53944.92
ASF,2019-04-01 00:00:00,2019-04-10 00:00:00,2019-06-10 12:59:10,190223,Approved,1,Goods,4100108462,"Screw, hexagon head, M12X50, steel grade 8.8, DIN 933, black Steel",Spare parts,Mechanical items,Fasteners,Screw with its self locking nut.,,Each,Buyer_05,9014,Vendor_031,14 days,Site_052,CLOSED,Valid,Valid,3000,3000,0,0,EGP,1,3000,1.25,3750,3750
EMAS,2019-04-01 00:00:00,2019-04-10 00:00:00,2019-06-10 12:59:10,190223,Approved,2,Goods,4100309708,"Nut, self-locking, all metal, M12, steel class 8, DIN 980, standard type, normal metric thread",Spare parts,Mechanical items,Fasteners,Screw with its self locking nut.,,Each,Buyer_05,9014,Vendor_031,14 days,Site_052,CLOSED,Valid,Valid,3000,3000,0,0,EGP,1,3000,0.9,2700,2700
ASF,2019-04-01 00:00:00,2019-06-16 00:00:00,2019-12-25 13:53:38,190224,Approved,1,Goods,3059911403,"Housing bearing ,pos 8, for vibrator of packing machine.",Spare parts,Mechanical items,mechanical items for cement storage and dispatch area (600),Bearing Housing,,Each,Buyer_04,9128,Vendor_002,,Site_031,CLOSED,Valid,Valid,4,4,0,0,EUR,19.9796,4,210,840,16782.86
ESCC,2019-04-01 00:00:00,2019-04-16 00:00:00,,190225,Approved,1,Direct,,Platinum recasting of 4 Pt crucibles with the following weight 201.9864 gm,,,,Platinum crucibles recasting.,,Kilogram,Buyer_01,9063,Vendor_168,14 days,Site_100,OPEN,Valid,Valid,0.2019864,0.2019864,0,0,EGP,1,0.2019864,52000,10503.29,10503.29
ESCC,2019-03-31 00:00:00,2019-04-10 00:00:00,2019-05-05 16:31:59,190219,Approved,1,Goods,4100311190,"Nut, Torque all-metal hexagon, self-lock nut, M33, class 8, DIN 980",Spare parts,Mechanical items,Fasteners,Self locking nuts.,,Each,Buyer_05,9127,Vendor_045,14 days,Site_061,CLOSED,Valid,Valid,25,25,0,0,EGP,1,25,20,500,500
ESCC,2019-03-31 00:00:00,2019-04-10 00:00:00,2019-05-05 16:31:59,190219,Approved,2,Goods,4100311191,"Nut, self-locking, with nylon insert, standard type, M24, steel class 8, DIN 985, normal metric thread",Spare parts,Mechanical items,Fasteners,Self locking nuts.,,Each,Buyer_05,9127,Vendor_045,14 days,Site_061,CLOSED,Valid,Valid,50,50,0,0,EGP,1,50,4.5,225,225
EGYLUX,2019-03-31 00:00:00,2019-04-10 00:00:00,2019-04-18 10:51:41,190220,Approved,1,Goods,3130206620,"Cover, protection cover, with flange, for PT100, O.D = 45 mm, I.D = 23 mm, material Stainless Steel 446 and according to the attached drawings.",Spare parts,Electrical items,Instrumentation,Protection tube for PT100,,Each,Buyer_06,9047,Vendor_046,14 days,Site_107,CLOSED,Valid,Valid,2,2,0,0,EGP,1,2,1340,2680,2680
ESCC,2019-03-31 00:00:00,2019-04-16 00:00:00,2019-05-30 11:30:34,190221,Approved,1,Direct,,"Repair for chain wheel,  dwg.no. 1.136874, SPL 50030934, item no. 03.01.03.01, each consist of two halves,  for drive and driven shaft of all apron feeders, for crushers",,,,Repair of chain wheels.,,Set,Buyer_05,9093,Vendor_088,14 days,Site_064,CLOSED,Valid,Valid,4,4,0,0,EGP,1,4,6125,24500,24500
ASF,2019-03-28 00:00:00,2019-03-28 00:00:00,2019-04-22 14:44:59,190217,Approved,1,Capex,,Laptop HP 32 Maintenance some parts broken /Eng. Waleed ezz eldine,,,,,,Each,Buyer_02,9084,Vendor_094,Immediate,Site_105,CLOSED,Valid,Valid,1,1,0,0,EGP,1,1,614.04,614.04,614.04
ESCC,2019-03-28 00:00:00,2019-03-28 00:00:00,2019-04-22 14:44:59,190217,Approved,2,Capex,,Laptop HP proBook 4540s Wasn't work / Eng. Mahmoud Hasan,,,,,,Each,Buyer_02,9084,Vendor_094,Immediate,Site_105,CLOSED,Valid,Valid,1,1,0,0,EGP,1,1,219.3,219.3,219.3
EMAS,2019-03-28 00:00:00,2019-03-28 00:00:00,2019-04-22 14:44:59,190217,Approved,3,Capex,,maintenance laptop hb G62 for eJohn lotfy  (not working ),,,,,,Each,Buyer_02,9084,Vendor_094,Immediate,Site_105,CLOSED,Valid,Valid,1,1,0,0,EGP,1,1,350.88,350.88,350.88
EMAS,2019-03-28 00:00:00,2019-04-16 00:00:00,2019-05-05 11:26:14,190218,Approved,1,Goods,3051106362,"Tube, flexible, ( aluminum hose ), SRF2 x 250 mm x 5000 mm, material aluminum, for clinker crusher",Spare parts,Mechanical items,mechanical items for clinker production area (400),Tube for clinker crusher.,,Each,Buyer_01,9153,Vendor_093,Immediate,Site_013,CLOSED,Valid,Valid,2,2,0,0,EGP,1,2,280,560,560
EGYLUX,2019-03-27 00:00:00,2019-06-16 00:00:00,2019-11-04 11:40:55,190216,Approved,1,Goods,3010409191,"Kit, repair kit for hydraulic nut type TENTEC 81906, HTT. 7011.000C, 7011.008A, max. working pressure 1500 bar, M.W.L 3003.90 KN, piston stroke 10 mm, H.P.A 20031.24 square mm, HTT. 7011.006A",Spare parts,Mechanical items,Mechanical Miscellaneous,Repair Kit,,Kit,Buyer_04,9022,Vendor_023,,Site_041,CLOSED,Valid,Valid,2,2,0,0,USD,17.554,2,194,388,6810.95
EMAS,2019-03-26 00:00:00,2019-04-07 00:00:00,2019-05-06 12:30:35,190214,Approved,1,Direct,,"Rod, round, diameter 130 mm, , material steel 52.",,,,Complementary for PO # 190100,,Kilogram,Buyer_01,9003,Vendor_104,Immediate,Site_054,CLOSED,Valid,Valid,22,22,0,0,EGP,1,22,20,440,440
ASF,2019-03-26 00:00:00,,,190215,Rejected,1,Direct,,"Chroma Luminaire Die Cast aluminum with 250W Metal Halide Osram Lamp ,EgyLux IP65 ,Ballast&capacitor: Europe.",,,,The lighting of the warehouse,,Each,Buyer_06,9005,Vendor_042,14 days,Site_030,OPEN,Valid,Valid,0,0,0,0,EGP,1,20,1083.95,21679,21679
ESCC,2019-03-24 00:00:00,2019-06-16 00:00:00,2019-09-26 12:12:23,190212,Approved,1,Goods,3100511406,"Motor, geared motor, helical gear, type R107DRS132S4, replacement for SN 65.0153619601.0001.09, Power 5.5Kw,ratio 1445/30 rpm, for rotary feeder 351.RF360.",Spare parts,motors,motors,Geared motor for 351-RF360,,Each,Buyer_06,9088,Vendor_150,Immediate,Site_107,CLOSED,Valid,Valid,1,1,0,0,EGP,1,1,48000,48000,48000
EGYLUX,2019-03-24 00:00:00,2019-06-16 00:00:00,2019-09-26 10:19:24,190213,Approved,1,Goods,3130202788,"Sensor, Vibration Velocity Sensor, type VS-068, for horizontal measuring direction,with 5 M cable manufacturer Schenck.",Spare parts,Electrical items,Instrumentation,Velocity sensor,,Each,Buyer_06,9152,Vendor_070,Immediate,Site_088,CLOSED,Valid,Valid,2,2,0,0,EGP,1,2,18900,37800,37800
ESCC,2019-03-21 00:00:00,2019-05-14 00:00:00,2023-01-04 16:16:22,190210,Approved,1,Direct,,"16,000 hrs. Kit  for complete overhaul of screw compressors Atlas Copco type ""GA 132W-8.5,serial no. S99698901-4"" and type ""GA 110W-8.5,serial no. S99700901-4""",,,,Compressor S-P,,Each,Buyer_04,9022,Vendor_023,,Site_041,CLOSED,Valid,Valid,4,4,0,0,USD,17.554,4,2680.72,10722.88,188229.44
ESCC,2019-03-21 00:00:00,2019-05-14 00:00:00,2023-01-04 16:16:22,190210,Approved,2,Direct,,"Absorber  for 48,000 complete overhaul for screw compressors Atlas Copco type ""GA 132W-8.5,serial no. S99698901-4"" and type ""GA 110W-8.5,serial no. S99700901-4""",,,,Compressor S-P,,Each,Buyer_04,9022,Vendor_023,,Site_041,CLOSED,Valid,Valid,4,4,0,0,USD,17.554,4,525.53,2102.12,36900.61
ASF,2019-03-21 00:00:00,2019-05-14 00:00:00,2023-01-04 16:16:22,190210,Approved,3,Direct,,"Buffers for 48,000 complete overhaul for screw compressors Atlas Copco type ""GA 132W-8.5,serial no. S99698901-4"" and type ""GA 110W-8.5,serial no. S99700901-4""",,,,Compressor S-P,,Each,Buyer_04,9022,Vendor_023,,Site_041,CLOSED,Valid,Valid,16,16,0,0,USD,17.554,16,25.02,400.32,7027.22
EMAS,2019-03-21 00:00:00,2019-05-14 00:00:00,2023-01-04 16:16:22,190210,Approved,4,Direct,,"Cooler Kit  for 48,000 complete overhaul for screw compressors Atlas Copco type ""GA 132W-8.5,serial no. S99698901-4"" and type ""GA 110W-8.5,serial no. S99700901-4""",,,,Compressor S-P,,Each,Buyer_04,9022,Vendor_023,,Site_041,CLOSED,Valid,Valid,4,4,0,0,USD,17.554,4,200.2,800.8,14057.24
EMAS,2019-03-21 00:00:00,2019-05-14 00:00:00,2023-01-04 16:16:22,190210,Approved,5,Direct,,"EWD  for 48,000 complete overhaul for screw compressors Atlas Copco type ""GA 132W-8.5,serial no. S99698901-4"" and type ""GA 110W-8.5,serial no. S99700901-4""",,,,Compressor S-P,,Each,Buyer_04,9022,Vendor_023,,Site_041,CLOSED,Valid,Valid,4,4,0,0,USD,17.554,4,150.15,600.6,10542.93
ESCC,2019-03-21 00:00:00,2019-05-14 00:00:00,2023-01-04 16:16:22,190210,Approved,6,Direct,,"Element Exchange Kit for 48,000 complete overhaul for screw compressors Atlas Copco type ""GA 132W-8.5,serial no. S99698901-4"" and type ""GA 110W-8.5,serial no. S99700901-4""",,,,Compressor S-P,,Each,Buyer_04,9022,Vendor_023,,Site_041,CLOSED,Valid,Valid,4,4,0,0,USD,17.554,4,749.95,2999.8,52658.49
EGYLUX,2019-03-21 00:00:00,2019-05-14 00:00:00,2023-01-04 16:16:22,190210,Approved,7,Direct,,"Element Pads for 48,000 complete overhaul for screw compressors Atlas Copco type ""GA 132W-8.5,serial no. S99698901-4"" and type ""GA 110W-8.5,serial no. S99700901-4""",,,,Compressor S-P,,Each,Buyer_04,9022,Vendor_023,,Site_041,CLOSED,Valid,Valid,8,8,0,0,USD,17.554,8,75.08,600.64,10543.63
EMAS,2019-03-21 00:00:00,2019-05-14 00:00:00,2023-01-04 16:16:22,190210,Approved,8,Direct,,"Gear Box Kit  for 48,000 complete overhaul for screw compressors Atlas Copco type ""GA 132W-8.5,serial no. S99698901-4"" and type ""GA 110W-8.5,serial no. S99700901-4""",,,,Compressor S-P,,Each,Buyer_04,9022,Vendor_023,,Site_041,CLOSED,Valid,Valid,4,4,0,0,USD,17.554,4,820.7,3282.8,57626.27
EGYLUX,2019-03-21 00:00:00,2019-05-14 00:00:00,2023-01-04 16:16:22,190210,Approved,9,Direct,,"Motor Pad  for 48,000 complete overhaul for screw compressors Atlas Copco type ""GA 132W-8.5,serial no. S99698901-4"" and type ""GA 110W-8.5,serial no. S99700901-4""",,,,Compressor S-P,,Each,Buyer_04,9022,Vendor_023,,Site_041,CLOSED,Valid,Valid,4,4,0,0,USD,17.554,4,58.01,232.04,4073.23
EMAS,2019-03-21 00:00:00,2019-05-14 00:00:00,2023-01-04 16:16:22,190210,Approved,10,Direct,,"New Element  for 48,000 complete overhaul for screw compressors Atlas Copco type ""GA 132W-8.5,serial no. S99698901-4"" and type ""GA 110W-8.5,serial no. S99700901-4""",,,,Compressor S-P,,Each,Buyer_04,9022,Vendor_023,,Site_041,CLOSED,Valid,Valid,4,4,0,0,USD,17.554,4,11597.34,46389.36,814318.83
EGYLUX,2019-03-21 00:00:00,2019-05-14 00:00:00,2023-01-04 16:16:22,190210,Approved,11,Direct,,"Thermostat  for 48,000 complete overhaul for screw compressors Atlas Copco type ""GA 132W-8.5,serial no. S99698901-4"" and type ""GA 110W-8.5,serial no. S99700901-4""",,,,Compressor S-P,,Each,Buyer_04,9022,Vendor_023,,Site_041,CLOSED,Valid,Valid,4,4,0,0,USD,17.554,4,394.08,1576.32,27670.72
ASF,2019-03-21 00:00:00,2019-05-15 00:00:00,2023-01-04 16:16:22,190211,Approved,1,Direct,,"New Element  for 48,000 complete overhaul for screw compressors Atlas Copco type ""GA 132W-8.5,serial no. S99698901-4"" and type ""GA 110W-8.5,serial no. S99700901-4""",,,,Compressors S-P,,Each,Buyer_04,9022,Vendor_023,,Site_041,CLOSED,Valid,Valid,4,4,0,0,USD,17.554,4,11597.34,46389.36,814318.83
EGYLUX,2019-03-21 00:00:00,2019-05-15 00:00:00,2023-01-04 16:16:22,190211,Approved,2,Direct,,"Element Exchange Kit for 48,000 complete overhaul for screw compressors Atlas Copco type ""GA 132W-8.5,serial no. S99698901-4"" and type ""GA 110W-8.5,serial no. S99700901-4""",,,,Compressors S-P,,Each,Buyer_04,9022,Vendor_023,,Site_041,CLOSED,Valid,Valid,4,4,0,0,USD,17.554,4,749.95,2999.8,52658.49
ASF,2019-03-21 00:00:00,2019-05-15 00:00:00,2023-01-04 16:16:22,190211,Approved,3,Direct,,"Gear Box Kit  for 48,000 complete overhaul for screw compressors Atlas Copco type ""GA 132W-8.5,serial no. S99698901-4"" and type ""GA 110W-8.5,serial no. S99700901-4""",,,,Compressors S-P,,Each,Buyer_04,9022,Vendor_023,,Site_041,CLOSED,Valid,Valid,4,4,0,0,USD,17.554,4,820.7,3282.8,57626.27
ASF,2019-03-21 00:00:00,2019-05-15 00:00:00,2023-01-04 16:16:22,190211,Approved,4,Direct,,"16,000 hrs. Kit  for complete overhaul of screw compressors Atlas Copco type ""GA 132W-8.5,serial no. S99698901-4"" and type ""GA 110W-8.5,serial no. S99700901-4""",,,,Compressors S-P,,Each,Buyer_04,9022,Vendor_023,,Site_041,CLOSED,Valid,Valid,4,4,0,0,USD,17.554,4,2680.72,10722.88,188229.44
EGYLUX,2019-03-21 00:00:00,2019-05-15 00:00:00,2023-01-04 16:16:22,190211,Approved,5,Direct,,"Thermostat  for 48,000 complete overhaul for screw compressors Atlas Copco type ""GA 132W-8.5,serial no. S99698901-4"" and type ""GA 110W-8.5,serial no. S99700901-4""",,,,Compressors S-P,,Each,Buyer_04,9022,Vendor_023,,Site_041,CLOSED,Valid,Valid,4,4,0,0,USD,17.554,4,394.08,1576.32,27670.72
ASF,2019-03-21 00:00:00,2019-05-15 00:00:00,2023-01-04 16:16:22,190211,Approved,6,Direct,,"EWD  for 48,000 complete overhaul for screw compressors Atlas Copco type ""GA 132W-8.5,serial no. S99698901-4"" and type ""GA 110W-8.5,serial no. S99700901-4""",,,,Compressors S-P,,Each,Buyer_04,9022,Vendor_023,,Site_041,CLOSED,Valid,Valid,4,4,0,0,USD,17.554,4,150.15,600.6,10542.93
ESCC,2019-03-21 00:00:00,2019-05-15 00:00:00,2023-01-04 16:16:22,190211,Approved,7,Direct,,"Cooler Kit  for 48,000 complete overhaul for screw compressors Atlas Copco type ""GA 132W-8.5,serial no. S99698901-4"" and type ""GA 110W-8.5,serial no. S99700901-4""",,,,Compressors S-P,,Each,Buyer_04,9022,Vendor_023,,Site_041,CLOSED,Valid,Valid,4,4,0,0,USD,17.554,4,200.2,800.8,14057.24
ASF,2019-03-21 00:00:00,2019-05-15 00:00:00,2023-01-04 16:16:22,190211,Approved,8,Direct,,"Absorber  for 48,000 complete overhaul for screw compressors Atlas Copco type ""GA 132W-8.5,serial no. S99698901-4"" and type ""GA 110W-8.5,serial no. S99700901-4""",,,,Compressors S-P,,Each,Buyer_04,9022,Vendor_023,,Site_041,CLOSED,Valid,Valid,4,4,0,0,USD,17.554,4,525.53,2102.12,36900.61
EMAS,2019-03-21 00:00:00,2019-05-15 00:00:00,2023-01-04 16:16:22,190211,Approved,9,Direct,,"Motor Pad  for 48,000 complete overhaul for screw compressors Atlas Copco type ""GA 132W-8.5,serial no. S99698901-4"" and type ""GA 110W-8.5,serial no. S99700901-4""",,,,Compressors S-P,,Each,Buyer_04,9022,Vendor_023,,Site_041,CLOSED,Valid,Valid,4,4,0,0,USD,17.554,4,58.01,232.04,4073.23
EGYLUX,2019-03-21 00:00:00,2019-05-15 00:00:00,2023-01-04 16:16:22,190211,Approved,10,Direct,,"Element Pads for 48,000 complete overhaul for screw compressors Atlas Copco type ""GA 132W-8.5,serial no. S99698901-4"" and type ""GA 110W-8.5,serial no. S99700901-4""",,,,Compressors S-P,,Each,Buyer_04,9022,Vendor_023,,Site_041,CLOSED,Valid,Valid,8,8,0,0,USD,17.554,8,75.08,600.64,10543.63
ESCC,2019-03-21 00:00:00,2019-05-15 00:00:00,2023-01-04 16:16:22,190211,Approved,11,Direct,,"Buffers for 48,000 complete overhaul for screw compressors Atlas Copco type ""GA 132W-8.5,serial no. S99698901-4"" and type ""GA 110W-8.5,serial no. S99700901-4""",,,,Compressors S-P,,Each,Buyer_04,9022,Vendor_023,,Site_041,CLOSED,Valid,Valid,16,16,0,0,USD,17.554,16,25.02,400.32,7027.22
EGYLUX,2019-03-20 00:00:00,,,190203,Rejected,1,Goods,3080201382,"Bulb, fluorescent, 18w, 220vac, length 60cm, for lighting Osram.",Spare parts,Electrical items,Electrical Miscellaneous,Lighting,,Each,Buyer_06,9006,Vendor_142,14 days,Site_044,OPEN,Valid,Valid,0,0,0,0,EGP,1,150,7.45,1117.5,1117.5
EMAS,2019-03-20 00:00:00,,,190203,Rejected,2,Goods,3080201383,"Bulb, fluorescent, 36w, 220vac, length 120cm, Osram.",Spare parts,Electrical items,Electrical Miscellaneous,Lighting,,Each,Buyer_06,9006,Vendor_142,14 days,Site_044,OPEN,Valid,Valid,0,0,0,0,EGP,1,300,8.35,2505,2505
EMAS,2019-03-20 00:00:00,,,190204,Rejected,1,Goods,4090811335,"Pipe, square, size 80 X 80 X 5 mm, recommended  length 6000 mm, material st. 37",Spare parts,Mechanical items,Workshop material,Workshop materials for harrow tooth racks of reclaimer.,,kiloGram,Buyer_01,9031,Vendor_040,30 days,Site_085,OPEN,Valid,Valid,0,0,0,0,EGP,1,378,12,4536,4536
EMAS,2019-03-20 00:00:00,2019-03-31 00:00:00,,190205,Approved,2,Direct,,"Hard facing , one side of the roller segments and the table for cement mill 2.",,,,Hard Facing,,Kilogram,Buyer_04,9040,Vendor_135,,Site_050,OPEN,Valid,Valid,2387,2387,0,0,EUR,19.9796,3000,26.15,78450,1567399.62
ASF,2019-03-20 00:00:00,2019-03-31 00:00:00,,190205,Approved,3,Direct,,"Hard facing , the table segments for coal mill.",,,,Hard Facing,,Kilogram,Buyer_04,9040,Vendor_135,,Site_050,OPEN,Valid,Valid,0,0,0,0,EUR,19.9796,1000,23.4,23400,467522.64
ASF,2019-03-20 00:00:00,2019-05-14 00:00:00,2021-05-31 08:54:37,190206,Approved,1,Direct,,"24,000 hrs overhaul, Complete overhaul including ( element overhaul, overhaul kits, oil,  ..., etc ) for screw comressor ""742.CP110"", type"" GA 110W-8.5, Atlas copco,serial no. S99700901",,,,"24,000 hrs, items need to complete overhaul for screw compressors.",,Each,Buyer_01,9022,Vendor_023,30 days,Site_058,CLOSED,Valid,Valid,1,1,0,0,EGP,1,1,59000,59000,59000
EGYLUX,2019-03-20 00:00:00,2019-05-14 00:00:00,2021-05-31 08:54:37,190206,Approved,2,Direct,,"24,000 hrs overhaul, Complete overhaul including ( element overhaul, overhaul kits, oil,  ..., etc ) for screw comressor ""742.CP111"", type"" GA 110W-8.5, Atlas copco,serial no. S99700902",,,,"24,000 hrs, items need to complete overhaul for screw compressors.",,Each,Buyer_01,9022,Vendor_023,30 days,Site_058,CLOSED,Valid,Valid,1,1,0,0,EGP,1,1,59000,59000,59000
EGYLUX,2019-03-20 00:00:00,2019-05-14 00:00:00,2021-05-31 08:54:37,190206,Approved,3,Direct,,"24,000 hrs overhaul, Complete overhaul including ( element overhaul, overhaul kits, oil,  ..., etc ) for screw comressor ""742.CP112"", type"" GA 110W-8.5, Atlas copco,serial no. S99700903",,,,"24,000 hrs, items need to complete overhaul for screw compressors.",,Each,Buyer_01,9022,Vendor_023,30 days,Site_058,CLOSED,Valid,Valid,1,1,0,0,EGP,1,1,59000,59000,59000
ESCC,2019-03-20 00:00:00,2019-05-14 00:00:00,2021-05-31 08:54:37,190206,Approved,4,Direct,,"24,000 hrs overhaul, Complete overhaul including ( element overhaul, overhaul kits, oil,  ..., etc ) for screw comressor ""742.CP113"", type"" GA 110W-8.5, Atlas copco,serial no. S99700904",,,,"24,000 hrs, items need to complete overhaul for screw compressors.",,Each,Buyer_01,9022,Vendor_023,30 days,Site_058,CLOSED,Valid,Valid,1,1,0,0,EGP,1,1,59000,59000,59000
ESCC,2019-03-20 00:00:00,2019-04-07 00:00:00,2019-04-23 12:33:24,190207,Approved,1,Goods,4100105552,"Screw, cap, socket head, M30X90, steel grade 8.8, DIN 912, black steel",Spare parts,Mechanical items,Fasteners,Cap socket head screw.,,Each,Buyer_05,9093,Vendor_088,14 days,Site_064,CLOSED,Valid,Valid,400,400,0,0,EGP,1,400,38.5,15400,15400
EGYLUX,2019-03-20 00:00:00,2019-06-16 00:00:00,2019-09-02 14:48:31,190208,Approved,1,Goods,4100111330,"Screw, hexagon head, M48X305, steel grade 8.8, DIN 931",Spare parts,Mechanical items,Fasteners,Hexagon head screw.,,Each,Buyer_05,9131,Vendor_052,14 days,Site_057,CLOSED,Valid,Valid,10,10,0,0,EGP,1,10,280,2800,2800
ASF,2019-03-20 00:00:00,2019-05-21 00:00:00,2019-07-03 12:00:35,190209,Approved,1,Goods,4990503291,"Chemical, Scale Inhibitor, Zinc, type 20C09, net weight 30 kg, supplier Nile for water treatment, for plant water treatment",,,mechanical items for utilities area (700),Chemicals for plant water treatment.,,Kilogram,Buyer_01,9150,Vendor_065,30 days,Site_098,CLOSED,Valid,Valid,480,480,0,0,EGP,1,480,55.5,26640,26640
EMAS,2019-03-20 00:00:00,2019-05-21 00:00:00,2019-07-03 12:00:35,190209,Approved,2,Goods,4990503292,"Chemical, Oxidizing Biocide, Chlorine, type CL 12% liquid, net weight 1000 Liter, supplier Nile for water treatment, for plant water treatment",Spare parts,Mechanical items,mechanical items for utilities area (700),Chemicals for plant water treatment.,,Kilogram,Buyer_01,9150,Vendor_065,30 days,Site_098,CLOSED,Valid,Valid,1000,1000,0,0,EGP,1,1000,5.25,5250,5250
EGYLUX,2019-03-20 00:00:00,2019-05-21 00:00:00,2019-07-03 12:00:35,190209,Approved,3,Goods,4990503293,"Chemical, Corrosion Inhibitor, Organic phosphate, type 20C06, net weight 28 kg, supplier Nile for water treatment, for plant water treatment",Spare parts,Mechanical items,mechanical items for utilities area (700),Chemicals for plant water treatment.,,Kilogram,Buyer_01,9150,Vendor_065,30 days,Site_098,CLOSED,Valid,Valid,896,896,0,0,EGP,1,896,42.55,38124.8,38124.8
ESCC,2019-03-19 00:00:00,,,190202,Rejected,1,Direct,,Fluke 568 Infrared and Contact Thermometer.,,,,Infrared Fluk for utility Dpt.,,Each,Buyer_06,9026,Vendor_116,14 days,Site_106,OPEN,Valid,Valid,0,0,0,0,EGP,1,2,11000,22000,22000
ASF,2019-03-18 00:00:00,2019-06-16 00:00:00,2019-08-20 15:20:12,190199,Approved,1,Goods,3030610976,"Coupling, HRC 110, complete with rubber element",Spare parts,Mechanical items,Couplings,Coupling.,,Each,Buyer_01,9106,Vendor_054,30 days,Site_107,CLOSED,Valid,Valid,2,2,0,0,EGP,1,2,500,1000,1000
EGYLUX,2019-03-18 00:00:00,2019-03-31 00:00:00,2019-04-14 13:11:11,190200,Requires Reapproval,1,Direct,,3M Connection With Resin Unit 1*50 mm2.,,,, Well master hose anf marine cables,,Each,Buyer_06,9103,Vendor_090,14 days,Site_045,CLOSED,Canceled,Canceled,0,0,0,4,EGP,1,0,465,0,0
EGYLUX,2019-03-18 00:00:00,2019-03-31 00:00:00,2019-04-14 13:11:11,190200,Requires Reapproval,2,Direct,,"Marine cable, 1 X 50 mm, code: HO7RN-F.",,,, Well master hose anf marine cables,,meter,Buyer_06,9103,Vendor_090,14 days,Site_045,CLOSED,Canceled,Canceled,0,0,0,800,EGP,1,0,111,0,0
ASF,2019-03-18 00:00:00,2019-03-31 00:00:00,2019-05-06 14:39:03,190201,Approved,1,Direct,,Cable Attachment Rubber,,,,Well master hose anf marine cables,,Each,Buyer_06,9006,Vendor_142,Immediate,Site_044,CLOSED,Valid,Valid,170,170,0,0,EGP,1,170,2.88,489.6,489.6
EGYLUX,2019-03-18 00:00:00,2019-03-31 00:00:00,2019-05-06 14:39:03,190201,Approved,2,Direct,,ترانس لمبه فلوروسنت 40 وات,,,,Well master hose anf marine cables,,Each,Buyer_06,9006,Vendor_142,Immediate,Site_044,CLOSED,Valid,Valid,5,5,0,0,EGP,1,5,32,160,160
ASF,2019-03-17 00:00:00,2019-07-30 00:00:00,2020-04-26 10:39:07,190193,Approved,1,Direct,,compressor ZR380 KCE-TWD-522 FOR PETRA UNIT- MODEL PPH 900 SR.6463/0801/01,,,,compressor,,Each,Buyer_03,9023,Vendor_131,Immediate,Site_021,CLOSED,Valid,Valid,1,1,0,0,EGP,1,1,85000,85000,85000
EMAS,2019-03-17 00:00:00,2019-04-07 00:00:00,2019-05-05 16:29:50,190194,Approved,1,Goods,4080100186,"Electrode, welding, basic, AWS A5.1-81:7018, 3.25 mm wire diameter, DIN 1913:E5143B10, ISO E51 4B 120 26H",Spare parts,Mechanical items,welding materials,Welding electrodes.,,Kilogram,Buyer_05,9011,Vendor_101,14 days,Site_086,CLOSED,Valid,Valid,300,300,0,0,EGP,1,300,45,13500,13500
ASF,2019-03-17 00:00:00,2019-04-07 00:00:00,2019-05-05 16:29:50,190194,Approved,2,Goods,4080100187,"Electrode, welding, basic, AWS A5.1-81:7018, 4 mm wire diameter, DIN 1913:E5143B10, ISO E51 4B 120 26H",Spare parts,Mechanical items,Welding materials,Welding electrodes.,,Kilogram,Buyer_05,9011,Vendor_101,14 days,Site_086,CLOSED,Valid,Valid,150,150,0,0,EGP,1,150,45,6750,6750
ASF,2019-03-17 00:00:00,,,190195,Rejected,1,Direct,,Angle socket wrench 17,,,,Angle socket wrench.,,Each,Buyer_05,9021,Vendor_143,,Site_062,OPEN,Valid,Valid,0,0,0,0,EGP,1,1,320,320,320
ASF,2019-03-17 00:00:00,,,190196,Rejected,1,Goods,3051706215,"Joint, expansion, width 850 mm, flexible material, air proof, temp. up to 500 C.",Spare parts,Mechanical items,mechanical items for clinker production area (400),Expansion joint,,Meter,Buyer_05,9054,Vendor_117,14 days,Site_075,OPEN,Valid,Valid,0,0,0,0,EGP,1,45,995,44775,44775
EGYLUX,2019-03-17 00:00:00,2019-04-07 00:00:00,,190197,Approved,1,Goods,4090610225,"Pipe, seamless, material St. 52, size 1.5in, wall thickness 10.16 mm, length 6000 m.",Spare parts,Workshop material,Workshop material,Pipe seamless,,Kilogram,Buyer_03,9003,Vendor_104,Immediate,Site_054,OPEN,Valid,Valid,242,242,0,0,EGP,1,250,24,6000,6000
EGYLUX,2019-03-17 00:00:00,2019-06-16 00:00:00,2019-07-31 13:24:41,190198,Approved,1,Goods,4070208340,"Filter, compressed air filter type F26-C4-F00, 1/2 inch, supplier Wilkerson, for cement silo",Spare parts,Mechanical items,mechanical items for cement storage and dispatch area (600),Filter,,Each,Buyer_03,9050,Vendor_125,14 days,Site_095,CLOSED,Valid,Valid,1,1,0,0,EGP,1,1,1250,1250,1250
ASF,2019-03-14 00:00:00,,,190191,Rejected,1,Goods,5060205042,"Gloves porter, pair of gloves I GLOVE- Heavy duty  (Level 2),Model (ACTIVE PLUS), (Gray?Black color).",Safety,Safety,Safety,Safety PPE,,Each,Buyer_06,9024,Vendor_169,30 days,Site_059,OPEN,Valid,Valid,0,0,0,0,EGP,1,500,27,13500,13500
EGYLUX,2019-03-14 00:00:00,2019-09-11 00:00:00,2020-01-15 12:47:58,190192,Approved,1,Goods,5060205381," Dotted Glove, pair pf glove Cotton granulated. Pakistan.",Safety,Safety,Safety,Safety PPE,,Each,Buyer_06,9082,Vendor_123,14 days,Site_106,CLOSED,Canceled,Canceled,0,0,0,1500,EGP,1,0,7.5,0,0
ESCC,2019-03-13 00:00:00,2019-04-07 00:00:00,2019-05-07 11:34:02,190184,Approved,1,Direct,,"Valve, ball, hydraulic, 3/4 inch, 250 bar",,,,Valve,,Each,Buyer_03,9105,Vendor_083,14 days,Site_106,CLOSED,Valid,Valid,2,2,0,0,EGP,1,2,460,920,920
ESCC,2019-03-13 00:00:00,2019-06-16 00:00:00,2019-07-09 14:44:33,190185,Approved,1,Goods,3049908870,"Valve, double door check valve, body: cast iron, disc: bronze, spring: SS316, seat: BUNA-N, PN16, DN125, for plant water pump",Spare parts,Mechanical items,mechanical items for utilities area (700),Valve double door,,Each,Buyer_03,9095,Vendor_043,14 days,Site_063,CLOSED,Valid,Valid,2,2,0,0,EGP,1,2,840,1680,1680
EGYLUX,2019-03-13 00:00:00,2019-07-30 00:00:00,2019-11-04 15:49:25,190186,Approved,1,Goods,3052802006,"Ring, piston seal ring, pos. no. 45, one set = 16 ring, for blower type ROBOX ES 65, serial no. 09-23966, manufacture Robuschi Robox, for kiln feed bin and extract air slides areation",Spare parts,Mechanical items,mechanical items for raw meal production area (300),Spare parts for Robuschi blowers,,Set,Buyer_03,9041,Vendor_139,14 days,Site_058,CLOSED,Valid,Valid,3,3,0,0,EGP,1,3,3385.6,10156.8,10156.8
EGYLUX,2019-03-13 00:00:00,2019-07-30 00:00:00,2019-11-04 15:49:25,190186,Approved,2,Goods,3060103153,"Sealing chamber, pos. no. 20, for blower type ROBOX ES 65, serial no. 09-23966, manufacture Robuschi Robox, for kiln feed bin and extract air slides areation, and cement silo areation",Spare parts,Mechanical items,mechanical items for utilities area (700),Spare parts for Robuschi blowers,,Each,Buyer_03,9041,Vendor_139,14 days,Site_058,CLOSED,Valid,Valid,12,12,0,0,EGP,1,12,740.6,8887.2,8887.2
ASF,2019-03-13 00:00:00,2019-07-30 00:00:00,2019-11-04 15:49:25,190186,Approved,3,Goods,3060103154,"Spacer, gear spacer, pos. no. 22, for blower type ROBOX ES 65, serial no. 09-23966, manufacture Robuschi Robox, for kiln feed bin and extract air slides areation, and cement silo areation",Spare parts,Mechanical items,mechanical items for utilities area (700),Spare parts for Robuschi blowers,,Each,Buyer_03,9041,Vendor_139,14 days,Site_058,CLOSED,Valid,Valid,6,6,0,0,EGP,1,6,644,3864,3864
EMAS,2019-03-13 00:00:00,2019-07-30 00:00:00,2019-11-04 15:49:25,190186,Approved,4,Goods,3060103158,"Spacer, sealing spacer, pos. no. 25, for blower type ROBOX ES 65, serial no. 09-23966, manufacture Robuschi Robox, for kiln feed bin and extract air slides areation, and cement silo areation",Spare parts,Mechanical items,mechanical items for utilities area (700),Spare parts for Robuschi blowers,,Each,Buyer_03,9041,Vendor_139,14 days,Site_058,CLOSED,Valid,Valid,12,12,0,0,EGP,1,12,966,11592,11592
EGYLUX,2019-03-13 00:00:00,2019-07-30 00:00:00,2019-11-04 15:49:25,190186,Approved,5,Goods,3060103165,"Sleeve, shaft sleeve, pos. no. 37, for blower type ROBOX ES 65, serial no. 09-23966, manufacture Robuschi Robox, for kiln feed bin and extract air slides areation, and cement silo areation",Spare parts,Mechanical items,mechanical items for utilities area (700),Spare parts for Robuschi blowers,,Each,Buyer_03,9041,Vendor_139,14 days,Site_058,CLOSED,Valid,Valid,3,3,0,0,EGP,1,3,1407.6,4222.8,4222.8
ESCC,2019-03-13 00:00:00,2019-04-07 00:00:00,2019-05-23 11:31:44,190187,Approved,1,Direct,,"Connection, hydaylic, male 16 S X female 28 L",,,,Fittings for hydraulic cycle of crusher,,Each,Buyer_03,9120,Vendor_055,14 days,Site_002,CLOSED,Valid,Valid,3,3,0,0,EGP,1,3,225,675,675
ASF,2019-03-13 00:00:00,2019-04-07 00:00:00,2019-05-23 11:31:44,190187,Approved,2,Direct,,"Nipple, 28 L, with locking rings and nuts",,,,Fittings for hydraulic cycle of crusher,,Each,Buyer_03,9120,Vendor_055,14 days,Site_002,CLOSED,Valid,Valid,5,5,0,0,EGP,1,5,157.5,787.5,787.5
EGYLUX,2019-03-13 00:00:00,2019-04-07 00:00:00,2019-05-23 11:31:44,190187,Approved,3,Direct,,"Nipple, hydraulic, 28L x 3/4",,,,Fittings for hydraulic cycle of crusher,,Each,Buyer_03,9120,Vendor_055,14 days,Site_002,CLOSED,Valid,Valid,4,4,0,0,EGP,1,4,180,720,720
ESCC,2019-03-13 00:00:00,2019-04-07 00:00:00,2019-05-23 11:31:44,190187,Approved,4,Direct,,"Pipe, Seamless, hydraulic, 16 mm",,,,Fittings for hydraulic cycle of crusher,,meter,Buyer_03,9120,Vendor_055,14 days,Site_002,CLOSED,Valid,Valid,3,3,0,0,EGP,1,3,63,189,189
ESCC,2019-03-13 00:00:00,2019-04-07 00:00:00,2019-05-23 11:31:44,190187,Approved,5,Direct,,"Tee, size 28 L, male, male, female",,,,Fittings for hydraulic cycle of crusher,,Each,Buyer_03,9120,Vendor_055,14 days,Site_002,CLOSED,Valid,Valid,3,3,0,0,EGP,1,3,337.5,1012.5,1012.5
EMAS,2019-03-13 00:00:00,,,190188,Rejected,1,Direct,,"ٍSteel box , 40*70*3mmx6m.",,,,Materials for refractory storage.,,kiloGram,Buyer_01,9031,Vendor_040,30 days,Site_085,OPEN,Valid,Valid,0,0,0,0,EGP,1,1560,12,18720,18720
ASF,2019-03-13 00:00:00,2019-04-07 00:00:00,,190189,Approved,1,Goods,4090610204,"Sheet, thickness 12 mm, material stainless steel grade 310, according to DIN 1541, weight/m2= 96 kg, recommended sheet dimensions 1.5mx6m.",Spare parts,Workshop material,Workshop material,Complementary for PO # 180589,,Kilogram,Buyer_01,9008,Vendor_022,Immediate,Site_030,OPEN,Valid,Valid,38,38,0,0,EGP,1,40,100,4000,4000
ASF,2019-03-13 00:00:00,2019-04-07 00:00:00,2019-04-17 13:26:42,190190,Approved,1,Goods,4090611024,"Electrode, welding, arc gouging, 10 mm wire diameter",Spare parts,Workshop material,Workshop material,Arc gouging welding electrodes.,,Each,Buyer_05,9011,Vendor_101,14 days,Site_086,CLOSED,Valid,Valid,500,500,0,0,EGP,1,500,5,2500,2500
EMAS,2019-03-12 00:00:00,2019-06-16 00:00:00,2019-08-05 13:00:12,190181,Approved,1,Goods,3131106618,"Amplifier Controller XT960,  Software LCA15, Version : 3.0, with 20 glands manufacturer Thames-side company.",Spare parts,Electrical items,Instrumentation,Amplifier Controller,,Each,Buyer_06,9033,Vendor_091,Immediate,Site_048,CLOSED,Valid,Valid,2,2,0,0,EGP,1,2,15750,31500,31500
EMAS,2019-03-12 00:00:00,2019-06-16 00:00:00,2019-07-15 12:20:06,190182,Approved,1,Goods,4092511224,"Fastener for belt, Rivet, Stainless steel, Manufacturer: MLT, type: BM, for rubber belt of magnetic separator",Spare parts,Belt conveyor,Belt conveyors,Fasteners for belt.,,Kit,Buyer_05,9135,Vendor_073,,Site_103,CLOSED,Valid,Valid,3,3,0,0,EGP,1,3,800,2400,2400
ASF,2019-03-12 00:00:00,2019-04-07 00:00:00,2019-04-09 13:35:54,190183,Approved,1,Goods,4100102187,"Screw, hexagon head, M20X225, steel grade 8.8, DIN 931, for lamella of crusher apron feeder",Spare parts,Mechanical items,Fasteners,Hexagon screw for lamella.,,Each,Buyer_05,9066,Vendor_082,14 days,Site_061,CLOSED,Valid,Valid,150,150,0,0,EGP,1,150,45,6750,6750
ASF,2019-03-11 00:00:00,2019-03-20 00:00:00,2019-08-05 12:08:08,190176,Approved,1,Goods,4070208257,"Filter, Cartidge, type CH802FD11 12 mic. Abs, for pressure filter type MHT802 000 C10B6, for return line,  manfucture Sofima, pos. 07.1, for stacker hydraulic circuit pos. 07.1",Spare parts,Mechanical items,mechanical items for raw materials handling area (100),S-P,,Each,Buyer_04,9057,Vendor_006,,Site_022,CLOSED,Valid,Valid,1,1,0,0,EUR,19.9796,1,130,130,2597.35
EGYLUX,2019-03-11 00:00:00,2019-03-20 00:00:00,2019-08-05 12:08:08,190176,Approved,2,Goods,3049908258,"Valve, Needle type  FT290- G1/4 inch, viton gasket,  manfucture Tognella, pos. 11, for stacker hydraulic circuit",Spare parts,Mechanical items,mechanical items for raw materials handling area (100),S-P,,Each,Buyer_04,9057,Vendor_006,,Site_022,CLOSED,Valid,Valid,1,1,0,0,EUR,19.9796,1,38.5,38.5,769.21
EGYLUX,2019-03-11 00:00:00,,,190177,Rejected,1,Direct,,"Oil, Mobil, Rarus 425",,,,Rarus 425,,Litre,Buyer_04,9025,Vendor_141,Payment after 90 days from Invoice date,Site_078,OPEN,Valid,Valid,0,0,0,0,EGP,1,208,52.84,10990.72,10990.72
EMAS,2019-03-11 00:00:00,2019-05-14 00:00:00,2019-08-29 16:22:35,190178,Approved,1,Direct,,"Complete inspection for MAAG gearbox type WPU-142/C, order no.16010578, for ATOX mill 45",,,,Inspection Visit,,Each,Buyer_04,9085,Vendor_012,,Site_037,CLOSED,Valid,Valid,1,1,0,0,EUR,19.9796,1,4353,4353,86971.2
EGYLUX,2019-03-11 00:00:00,2019-05-14 00:00:00,2019-08-29 16:22:35,190178,Approved,2,Direct,,"Complete inspection for MAAG gearbox type WPV-332/G, order no. 16010566, for OK mill # 1",,,,Inspection Visit,,Each,Buyer_04,9085,Vendor_012,,Site_037,CLOSED,Valid,Valid,1,1,0,0,EUR,19.9796,1,4353,4353,86971.2
ESCC,2019-03-11 00:00:00,2019-04-07 00:00:00,2019-05-05 16:27:04,190179,Approved,1,Goods,4092508630,"Repair Kit nonflammable,cold, for belt rubber, consist of  adhesive type Cement SC 2000, ref. no. 525 2161 weight 1 Kg and hardener  4% type UT-R 20, ref. no. 525 1043 weight 40 g, TIP TOP",Spare parts,Belt conveyor,Belt conveyors,Bonding material for rubber belt conveyors.,,Kit,Buyer_01,9049,Vendor_151,30 days,Site_106,CLOSED,Valid,Valid,50,50,0,0,EGP,1,50,250,12500,12500
EGYLUX,2019-03-11 00:00:00,2019-06-16 00:00:00,2020-01-20 10:55:39,190180,Approved,1,Goods,3051509180,"Gauge, pressure gauge, 0-2000 bar, filled with glycerin, with male connection dia. 20 mm in the bottom of back side, max. dia. 105 mm, for hydraulic pump",Spare parts,Mechanical items,Mechanical Miscellaneous,pressure gauge,,Each,Buyer_03,9100,Vendor_038,14 days,Site_089,CLOSED,Valid,Valid,1,1,0,0,EGP,1,1,5000,5000,5000
EGYLUX,2019-03-10 00:00:00,2019-03-14 00:00:00,2019-03-28 16:08:34,190172,Approved,1,Capex,,Access Point TPlink 2 antenna / Quality,,,,,,Each,Buyer_02,9113,Vendor_079,30 days,Site_008,CLOSED,Valid,Valid,2,2,0,0,EGP,1,2,372.81,745.62,745.62
ESCC,2019-03-10 00:00:00,2019-03-14 00:00:00,2019-03-28 16:08:34,190172,Approved,2,Capex,,D-Link DIR-615 Wireless N 300 Router,,,,,,Each,Buyer_02,9113,Vendor_079,30 days,Site_008,CLOSED,Valid,Valid,2,2,0,0,EGP,1,2,570.18,1140.36,1140.36
EMAS,2019-03-10 00:00:00,2019-03-14 00:00:00,2019-03-28 16:08:34,190172,Approved,3,Capex,,12 ( moses ),,,,,,Each,Buyer_02,9113,Vendor_079,30 days,Site_008,CLOSED,Valid,Valid,12,12,0,0,EGP,1,12,39.47,473.64,473.64
ESCC,2019-03-10 00:00:00,2019-03-14 00:00:00,2019-03-28 16:08:34,190172,Approved,4,Capex,,Hard Desk  Internal Desktop 1 tera western / Eng. Mohamed Magdy,,,,,,Each,Buyer_02,9113,Vendor_079,30 days,Site_008,CLOSED,Valid,Valid,1,1,0,0,EGP,1,1,815.79,815.79,815.79
EGYLUX,2019-03-10 00:00:00,2019-03-14 00:00:00,2019-03-28 16:08:34,190172,Approved,5,Capex,,Hard Desk Internal Desktop Western 1 tera / Eng. Mohamed Saed,,,,,,Each,Buyer_02,9113,Vendor_079,30 days,Site_008,CLOSED,Valid,Valid,1,1,0,0,EGP,1,1,815.79,815.79,815.79
EMAS,2019-03-10 00:00:00,2019-03-14 00:00:00,2019-03-28 16:08:34,190172,Approved,6,Capex,,Hard desk external 1 tera western / Eng. Ashraf abdelgabbar,,,,,,Each,Buyer_02,9113,Vendor_079,30 days,Site_008,CLOSED,Valid,Valid,1,1,0,0,EGP,1,1,868.42,868.42,868.42
EGYLUX,2019-03-10 00:00:00,2019-03-14 00:00:00,2019-03-28 16:08:34,190172,Approved,7,Capex,,Keyboard usb,,,,,,Each,Buyer_02,9113,Vendor_079,30 days,Site_008,CLOSED,Valid,Valid,4,4,0,0,EGP,1,4,61.4,245.6,245.6
ESCC,2019-03-10 00:00:00,2019-03-14 00:00:00,2019-03-28 16:08:34,190172,Approved,8,Capex,,Mouse,,,,,,Each,Buyer_02,9113,Vendor_079,30 days,Site_008,CLOSED,Valid,Valid,8,8,0,0,EGP,1,8,39.47,315.76,315.76
ESCC,2019-03-10 00:00:00,2019-03-17 00:00:00,2019-04-17 13:14:48,190173,Approved,1,Capex,,HP LaserJet 605 / Dispatch,,,,,,Each,Buyer_02,9149,Vendor_119,,Site_017,CLOSED,Valid,Valid,1,1,0,0,EGP,1,1,1500,1500,1500
EGYLUX,2019-03-10 00:00:00,2019-03-13 00:00:00,2019-04-03 12:13:52,190174,Approved,1,Goods,3059909223,"Kit, cold welding, kit = 1 Kg, BELZONA",Spare parts,Mechanical items,Mechanical Miscellaneous,Belzona.,,Each,Buyer_05,9083,Vendor_056,14 days,Site_107,CLOSED,Valid,Valid,70,70,0,0,EGP,1,70,1875,131250,131250
ASF,2019-03-10 00:00:00,,,190175,Rejected,1,Direct,,Cable reel 50 meter,,,,Cable reel.,,Each,Buyer_05,9006,Vendor_142,14 days,Site_044,OPEN,Valid,Valid,0,0,0,0,EGP,1,1,1050,1050,1050
ASF,2019-03-07 00:00:00,,,190169,Rejected,1,Goods,4090600378,"Sheet, thickness 08 mm, material steel 37 (material no. 1.0038) black, according to DIN 1541, weight/m2= 064 kg, recommended sheet dimensions 1.5mX6m.",Spare parts,Workshop material,Workshop material,Sheet for overhaul.,,Kilogram,Buyer_01,9110,Vendor_036,30 days,Site_091,OPEN,Valid,Valid,0,0,0,0,EGP,1,5760,10.96,63129.6,63129.6
ESCC,2019-03-07 00:00:00,,,190170,Rejected,1,Goods,4090509677,"Beam, standard, IPE 120x12000 mm",Spare parts,Workshop material,Workshop material,Material for refractory storage.,,Kilogram,Buyer_01,9031,Vendor_040,30 days,Site_085,OPEN,Valid,Valid,0,0,0,0,EGP,1,998.4,11.09,11072.26,11072.26
ESCC,2019-03-07 00:00:00,2019-03-31 00:00:00,2019-03-31 15:05:56,190171,Approved,1,Goods,7990109200,"Bag, for cement (El SEWEDY), 1ply 90 grm + 1ply 85 grm, capacity 50 kg",Bags (for packing),Bags (for packing),Bags (for packing),Bag for cement,,Each,Buyer_06,9028,Vendor_049,21 days,Site_043,CLOSED,Valid,Valid,2816000,2816000,0,0,EGP,1,2816000,3.365,9475840,9475840
ASF,2019-03-06 00:00:00,2019-03-13 00:00:00,2025-01-12 21:09:46,190163,Approved,1,Goods,4080100186,"Electrode, welding, basic, AWS A5.1-81:7018, 3.25 mm wire diameter, DIN 1913:E5143B10, ISO E51 4B 120 26H",Spare parts,Mechanical items,welding materials,Welding electrodes.,,Kilogram,Buyer_05,9011,Vendor_101,14 days,Site_086,CLOSED,Valid,Valid,200,200,0,0,EGP,1,200,45,9000,9000
ASF,2019-03-06 00:00:00,2019-03-13 00:00:00,2025-01-12 21:09:46,190163,Approved,2,Goods,4080100187,"Electrode, welding, basic, AWS A5.1-81:7018, 4 mm wire diameter, DIN 1913:E5143B10, ISO E51 4B 120 26H",Spare parts,Mechanical items,Welding materials,Welding electrodes.,,Kilogram,Buyer_05,9011,Vendor_101,14 days,Site_086,CLOSED,Valid,Valid,200,200,0,0,EGP,1,200,45,9000,9000
EGYLUX,2019-03-06 00:00:00,2019-08-22 00:00:00,2019-10-22 16:35:49,190164,Approved,1,Goods,4089905281,Brown glasses piece for welding shade helmet,Spare parts,Workshop material,Workshop material,Welding consumables.,,Each,Buyer_05,9001,Vendor_087,14 days,Site_072,CLOSED,Valid,Valid,100,100,0,0,EGP,1,100,1.75,175,175
EGYLUX,2019-03-06 00:00:00,2019-08-22 00:00:00,2019-10-22 16:35:49,190164,Approved,2,Goods,3080305845,Welding cable 600A Dia. : 50 mm,Spare parts,Electrical items,Cables and Cable Accessories,Welding consumables.,,Meter,Buyer_05,9001,Vendor_087,14 days,Site_072,CLOSED,Valid,Valid,200,200,0,0,EGP,1,200,105,21000,21000
ASF,2019-03-06 00:00:00,2019-08-22 00:00:00,2019-10-22 16:35:49,190164,Approved,3,Goods,4089905282,White glasses piece for welding shade helmet,Spare parts,Workshop material,Workshop material,Welding consumables.,,Each,Buyer_05,9001,Vendor_087,14 days,Site_072,CLOSED,Valid,Valid,100,100,0,0,EGP,1,100,0.5,50,50
EGYLUX,2019-03-06 00:00:00,2019-03-13 00:00:00,2019-05-02 13:50:24,190165,Approved,1,Direct,,"Well master hose, Flexible, size 4 inch",,,,Well master hose,,meter,Buyer_03,9118,Vendor_138,Immediate,Site_106,CLOSED,Valid,Valid,167,167,0,0,EGP,1,167,720,120240,120240
EGYLUX,2019-03-06 00:00:00,2019-03-20 00:00:00,2019-04-14 13:04:04,190166,Approved,1,Direct,,"Safety Rope, size 18mm, material: Silk, for well pump ",,,,Safety Rope,,meter,Buyer_03,9125,Vendor_106,Immediate,Site_061,CLOSED,Canceled,Canceled,0,0,0,200,EGP,1,0,6,0,0
EMAS,2019-03-06 00:00:00,,,190167,Rejected,1,Direct,,"رق ميكروفون ""جان جان"" هندي",,,,Electerical accessories,,Each,Buyer_06,9148,Vendor_074,Immediate,Site_056,OPEN,Valid,Valid,0,0,0,0,EGP,1,10,65,650,650
EGYLUX,2019-03-06 00:00:00,,,190167,Rejected,2,Direct,,"يونيت ميكروفون ""يونيكس"" 35 وات",,,,Electerical accessories,,Each,Buyer_06,9148,Vendor_074,Immediate,Site_056,OPEN,Valid,Valid,0,0,0,0,EGP,1,2,250,500,500
ESCC,2019-03-06 00:00:00,2019-04-24 00:00:00,2019-09-02 14:56:38,190168,Approved,1,Goods,3059902041,"Suction disk, material silicon rubber, pos. 14, code no. 650014D, according to ESCC dwg. No. 0001005, for valve opening group, for bag applicator for packing area",Spare parts,Mechanical items,mechanical items for cement storage and dispatch area (600),Suction disk for bag applicator of packing area.,,Each,Buyer_05,9096,Vendor_092,14 days,Site_084,CLOSED,Valid,Valid,700,700,0,0,EGP,1,700,11.65,8155,8155
EGYLUX,2019-03-05 00:00:00,2019-03-13 00:00:00,2019-07-04 14:11:27,190159,Approved,1,Goods,3052705569,"Pulley, V-belt, type SPB 170, 2 grooves, with tapered bush 2012",Spare parts,Mechanical items,mechanical items for raw meal production area (300),Pulley,,Each,Buyer_03,9098,Vendor_033,14 days,Site_090,CLOSED,Valid,Valid,2,2,0,0,EGP,1,2,549.7,1099.4,1099.4
EGYLUX,2019-03-05 00:00:00,2019-03-06 00:00:00,2019-03-28 16:09:32,190160,Approved,1,Capex,,2 cartridge  (canon photo copier  IR 2025 ),,,,,,Each,Buyer_02,9136,Vendor_156,,Site_012,CLOSED,Valid,Valid,2,2,0,0,EGP,1,2,241.23,482.46,482.46
ASF,2019-03-05 00:00:00,2019-03-06 00:00:00,2019-03-28 16:09:32,190160,Approved,2,Capex,,2 ink ( 932 &933),,,,,,Each,Buyer_02,9136,Vendor_156,,Site_012,CLOSED,Valid,Valid,2,2,0,0,EGP,1,2,991.23,1982.46,1982.46
ESCC,2019-03-05 00:00:00,2019-03-06 00:00:00,2019-03-28 16:09:32,190160,Approved,3,Capex,,2 ink (130 & 134 ),,,,,,Each,Buyer_02,9136,Vendor_156,,Site_012,CLOSED,Valid,Valid,2,2,0,0,EGP,1,2,1245.61,2491.22,2491.22
EGYLUX,2019-03-05 00:00:00,2019-03-06 00:00:00,2019-03-28 16:09:32,190160,Approved,4,Capex,,2 ink (652 balck and color ) for eng hatem elshazly,,,,,,Each,Buyer_02,9136,Vendor_156,,Site_012,CLOSED,Valid,Valid,2,2,0,0,EGP,1,2,350.88,701.76,701.76
EGYLUX,2019-03-05 00:00:00,2019-03-06 00:00:00,2019-03-28 16:09:32,190160,Approved,5,Capex,,3 ink (121 color &black),,,,,,Each,Buyer_02,9136,Vendor_156,,Site_012,CLOSED,Valid,Valid,3,3,0,0,EGP,1,3,526.32,1578.96,1578.96
EMAS,2019-03-05 00:00:00,2019-06-16 00:00:00,2019-07-09 14:46:04,190161,Approved,1,Goods,4092505146,"Lagging, Remaline lagging, type 60/CN, hardenees 62 shore A, abrasion 90 mm3, color black, dimension 10x2000x10000 mm, TIP TOP ref. no. 549 2913, for rubber belt pulleys repair ",Spare parts,Belt conveyor,Belt conveyors,Lagging for driven drums of belt conveyors.,,Meter,Buyer_01,9062,Vendor_124,30 days,Site_071,CLOSED,Valid,Valid,10,10,0,0,EGP,1,10,3800,38000,38000
EGYLUX,2019-03-05 00:00:00,2019-06-16 00:00:00,2019-07-09 14:46:04,190161,Approved,2,Goods,4092505576,"Rubber filler, without ply, with CN-bonding layer on both sides, width 500 mm, length 10000 mm and thickness 3 mm, ref. no. 528 5497, TIP TOP, for rubber belt pulley lagging repair",Spare parts,Belt conveyor,Belt conveyors,Lagging for driven drums of belt conveyors.,,Each,Buyer_01,9062,Vendor_124,30 days,Site_071,CLOSED,Valid,Valid,3,3,0,0,EGP,1,3,8500,25500,25500
EGYLUX,2019-03-05 00:00:00,2019-05-15 00:00:00,2019-06-19 16:52:54,190162,Approved,1,Goods,4092502179,"Belt, conveyor rubber type N315/3HT, APEX design, for bag truck loader belt, three plies and without bottom side rubber cover, width 300 mm",Spare parts,Belt conveyor,mechanical items for cement storage and dispatch area (600),Rubber belts for packing area.,,Meter,Buyer_01,9106,Vendor_054,30 days,Site_107,CLOSED,Valid,Valid,85,85,0,0,EGP,1,85,175,14875,14875
EMAS,2019-03-04 00:00:00,2019-03-06 00:00:00,2019-03-13 10:55:52,190150,Approved,1,Capex,,Printer 2055 HP LaserJet / Raw Material,,,,,,Each,Buyer_02,9133,Vendor_080,30 days,Site_087,CLOSED,Valid,Valid,1,1,0,0,EGP,1,1,1000,1000,1000
ASF,2019-03-04 00:00:00,,,190151,Rejected,1,Goods,4090610209,"Plate, thickness 13 mm (8/5 mm), material chromium carbide brand triten T200X or Vautid 100 P or CDP 4666, weight/m2= 104 kg, recommended sheet dimensions 1.3mX 2.8m  or more than.",Spare parts,Workshop material,Workshop material,"Plate, thickness 12 mm (according to Mr. Mohamed Ragab).",,Kilogram,Buyer_01,9035,Vendor_137,30 days,Site_066,OPEN,Valid,Valid,0,0,0,0,EGP,1,2160,70,151200,151200
EGYLUX,2019-03-04 00:00:00,2019-06-16 00:00:00,2019-12-18 12:53:19,190152,Approved,1,Goods,3030609527,"Element, coupling element, 48/60 spidex, for coupling softex 48/60, 92 shore A",Spare parts,Mechanical items,Couplings,Coupling element PR.,,Each,Buyer_01,9058,Vendor_129,Immediate,Site_082,CLOSED,Valid,Valid,2,2,0,0,EGP,1,2,360,720,720
EMAS,2019-03-04 00:00:00,2019-03-13 00:00:00,2019-04-23 12:34:35,190153,Approved,1,Goods,4091008792,"Rope, wire, steel core  size 12 mm galvanized , for overhead crane, for hammer crusher",Spare parts,Mechanical items,Mechanical Miscellaneous,Rope,,Meter,Buyer_03,9010,Vendor_160,14 days,Site_077,CLOSED,Valid,Valid,150,150,0,0,EGP,1,150,24,3600,3600
ESCC,2019-03-04 00:00:00,,,190154,Rejected,1,Goods,4090606181,"Plate, thickness 20 mm (15/5 mm), material chromium carbide brand triten T200X or Vautid 100 P, weight/m2= 160 kg, recommended sheet dimensions 1.5mX3m",Spare parts,Workshop material,Workshop material,Material for plant common fabrication items of next kiln overhaul.,,Kilogram,Buyer_01,9043,Vendor_095,30 days,Site_106,OPEN,Valid,Valid,0,0,0,0,EGP,1,3600,61,219600,219600
ASF,2019-03-04 00:00:00,,,190155,Rejected,1,Goods,4090600376,"Sheet, thickness 05 mm, material steel 37 (material no. 1.0038) black, according to DIN 1541, weight/m2= 040 kg, recommended sheet dimensions 1.5mX3m.",Spare parts,Workshop material,Workshop material,Material for Rizer roof bet. cyclone 5&4 and 4&3.,,Kilogram,Buyer_01,9031,Vendor_040,30 days,Site_085,OPEN,Valid,Valid,0,0,0,0,EGP,1,4320,11.18,48297.6,48297.6
ESCC,2019-03-04 00:00:00,,,190155,Rejected,2,Goods,4090509677,"Beam, standard, IPE 120x6000 mm",Spare parts,Workshop material,Workshop material,Material for Rizer roof bet. cyclone 5&4 and 4&3.,,Kilogram,Buyer_01,9031,Vendor_040,30 days,Site_085,OPEN,Valid,Valid,0,0,0,0,EGP,1,3120,11.09,34600.8,34600.8
ESCC,2019-03-04 00:00:00,,,190156,Rejected,1,Goods,4090600376,"Sheet, thickness 05 mm, material steel 37 (material no. 1.0038) black, according to DIN 1541, weight/m2= 040 kg, recommended sheet dimensions 1.5mX3m.",Spare parts,Workshop material,Workshop material,Material for Rizer roof bet. cyclone 5&4 and 4&3.,,Kilogram,Buyer_01,9031,Vendor_040,30 days,Site_085,OPEN,Valid,Valid,0,0,0,0,EGP,1,720,11.18,8049.6,8049.6
EMAS,2019-03-04 00:00:00,,,190156,Rejected,2,Goods,4090509677,"Beam, standard, IPE 120x6000 mm",Spare parts,Workshop material,Workshop material,Material for Rizer roof bet. cyclone 5&4 and 4&3.,,Kilogram,Buyer_01,9031,Vendor_040,30 days,Site_085,OPEN,Valid,Valid,0,0,0,0,EGP,1,1248,11.09,13840.32,13840.32
EGYLUX,2019-03-04 00:00:00,,,190157,Rejected,1,Direct,,"Rod, round, diameter 200 mm, recommended length 6000 mm, weight/meter 247 kg/m, material st 60.",,,,Material for apron feeder.,,kiloGram,Buyer_01,9003,Vendor_104,Immediate,Site_054,OPEN,Valid,Valid,0,0,0,0,EGP,1,1482,20,29640,29640
EMAS,2019-03-04 00:00:00,,,190157,Rejected,2,Direct,,"Rod, round, diameter 65 mm, recommended length 6000 mm, weight/meter 26 kg/m, material st 52.",,,,Material for apron feeder.,,kiloGram,Buyer_01,9003,Vendor_104,Immediate,Site_054,OPEN,Valid,Valid,0,0,0,0,EGP,1,156,18.5,2886,2886
EMAS,2019-03-04 00:00:00,2019-03-13 00:00:00,2019-05-06 14:28:32,190158,Approved,1,Goods,4090905706,"Bar, square 30x20 mm, length3000 mm, material steel 37, for dosimat feeder",Spare parts,Mechanical items,mechanical items for raw meal production area (300),Bars for dosimat feeder.,,kiloGram,Buyer_01,9003,Vendor_104,Immediate,Site_054,CLOSED,Valid,Valid,138,137.9999608,0,0,EGP,1,138,25,3450,3450
EMAS,2019-03-03 00:00:00,2019-03-13 00:00:00,,190146,Approved,1,Direct,,"Thermal insulation, cylinderical for pipe size 4 inch, including stoon wool and aluminuim sheet, for aeration pipelines from blowers into cement silos",,,,Thermal insulation for aeration piplines.,,meter,Buyer_01,9086,Vendor_044,Immediate,Site_055,OPEN,Valid,Valid,120,120,0,0,EGP,1,125,100.87,12608.75,12608.75
EMAS,2019-03-03 00:00:00,2019-06-16 00:00:00,2020-03-15 10:43:53,190147,Approved,1,Goods,3130309248,"Element, filter, 10 micron, type 0240 R010 BN4HC/-B6, supplier HYDAC, Pos.40, for pump station LQ120, for atox coal mill 25",Spare parts,Mechanical items,mechanical items for clinker production area (400),Element filter,,Each,Buyer_03,9099,Vendor_112,14 days,Site_080,CLOSED,Valid,Valid,2,2,0,0,EGP,1,2,1000,2000,2000
ASF,2019-03-03 00:00:00,2019-11-07 00:00:00,2020-03-15 10:20:34,190148,Approved,1,Goods,3130302707,"Cylindrical, spangas cylindrical, 10L, NO 1600 ppm and rest N2, ID: 92238869001, FLS no. 102307, for gas analyzer, manufacturer Air Liquide DK.",Spare parts,Electrical items,Instrumentation,Spangas Cylindrical,,Each,Buyer_04,9147,Vendor_121,,Site_096,CLOSED,Valid,Valid,1,1,0,0,EUR,19.9796,1,750,750,14984.7
EGYLUX,2019-03-03 00:00:00,2019-11-07 00:00:00,2020-03-15 10:20:34,190148,Approved,2,Goods,3130302708,"Cylindrical, spangas cylindrical, 10L,CO 4%,O2 6%,CH4 2.4% and rest N2, ID: 21637, FLS no. 102548, for gas analyzer, manufacturer Air Liquide DK.",Spare parts,Electrical items,Instrumentation,Spangas Cylindrical,,Each,Buyer_04,9147,Vendor_121,,Site_096,CLOSED,Valid,Valid,1,1,0,0,EUR,19.9796,1,900,900,17981.64
ESCC,2019-03-03 00:00:00,2019-11-07 00:00:00,2020-12-02 18:48:29,190149,Approved,3,Goods,3130302709,"Cylindrical, zerogas cylindrical, N2 N48, 10L, FLS no. 101984, for gas analyzer, manufacturer Air Liquide DK.",Spare parts,Electrical items,Instrumentation,Zerogas Cylindrical,,Each,Buyer_04,9147,Vendor_121,,Site_096,CLOSED,Valid,Valid,1,1,0,0,EGP,1,1,1600,1600,1600
ESCC,2019-02-28 00:00:00,2019-03-13 00:00:00,2019-10-01 14:39:11,190140,Approved,1,Goods,3100511029,"Geared motor, helical gear Z.108-M160L4, ratio 7.10, supplier FLENDER, motor 15 KW, 50 Hz, 220-240/380-420 V, 650324 256 for Rotary Sluice ?2000 For Atox mill 321-RF090",Strategic,Mechanical items,mechanical items for raw meal production area (300),Geared Motor,,Each,Buyer_04,9009,Vendor_098,,Site_048,CLOSED,Valid,Valid,1,1,0,0,USD,17.6155,1,6284.37,6284.37,110702.32
EGYLUX,2019-02-28 00:00:00,2019-03-13 00:00:00,2019-08-05 12:08:08,190141,Approved,1,Goods,3049908261,"Valve, Solenoid  type KV-4/3-5KO-6-3-230 AC (220V-240V 50Hz), manufacture Kladivar, pos. 15, for stacker hydraulic circuit",Spare parts,Mechanical items,mechanical items for raw materials handling area (100),Solenoid Valve,,Each,Buyer_04,9057,Vendor_006,,Site_022,CLOSED,Valid,Valid,1,1,0,0,EUR,20.1537,1,213.4,213.4,4300.8
ESCC,2019-02-28 00:00:00,,,190142,Rejected,1,Direct,,heater cable BOSCH 1600W .,,,,Electrical tools,,Each,Buyer_06,9055,Vendor_037,Immediate,Site_061,OPEN,Valid,Valid,0,0,0,0,EGP,1,1,660,660,660
EGYLUX,2019-02-28 00:00:00,2019-06-16 00:00:00,,190143,Approved,1,Goods,4101310478,"Bearing, splite, dwg.no. 3.138915, material GS- 17CrMo5 5, for EP filter",Spare parts,Mechanical items,mechanical items for clinker production area (400),Split bearing.,,Each,Buyer_05,9077,Vendor_114,14 days,Site_071,OPEN,Valid,Valid,3,3,0,0,EGP,1,4,1750,7000,7000
ESCC,2019-02-28 00:00:00,2019-06-16 00:00:00,2019-12-29 15:58:13,190144,Approved,1,Goods,3021406126,"Housing, bearing, dwg.no. 13006057, material FLS code 3421, type VK-655, for screw conveyor",Spare parts,Bearings,Bearings,Bearing housing for screw conveyor.,,Each,Buyer_05,9077,Vendor_114,14 days,Site_071,CLOSED,Valid,Valid,2,2,0,0,EGP,1,2,1270,2540,2540
EMAS,2019-02-27 00:00:00,2019-06-16 00:00:00,2019-08-29 11:54:54,190138,Approved,1,Goods,3010401701,"Kit, repair kit, type P1D-50-6MRN, code 652090Z, supplier PARKER, for pneumatic cylinder for packing area",Spare parts,Mechanical items,mechanical items for cement storage and dispatch area (600),Cylinder for packing,,Each,Buyer_03,9050,Vendor_125,14 days,Site_095,CLOSED,Valid,Valid,6,6,0,0,EGP,1,6,886.5,5319,5319
ESCC,2019-02-27 00:00:00,2019-06-16 00:00:00,2019-08-29 11:54:54,190138,Approved,2,Goods,3110102925,"Cylinder, pneumatic type PNE P1D-S050MC-0050, sr. no. B201211, 10/27, max. pressure 10 bar, supplier Parker, pos. no. 17, code no. 640643Z, for setting device D45, for P/Mc",Spare parts,Mechanical items,mechanical items for cement storage and dispatch area (600),Cylinder for packing,,Each,Buyer_03,9050,Vendor_125,14 days,Site_095,CLOSED,Valid,Valid,4,4,0,0,EGP,1,4,2655,10620,10620
EGYLUX,2019-02-27 00:00:00,2019-03-07 00:00:00,2019-08-05 12:31:02,190139,Approved,1,Goods,4060203003,"Oil, DTE 25",Lubricants,Lubricants,Lubricants,Oil & Grease,,Litre,Buyer_04,9025,Vendor_141,Payment after 90 days from Invoice date,Site_078,CLOSED,Valid,Valid,2080,2080,0,0,EGP,1,2080,31.84,66227.2,66227.2
EGYLUX,2019-02-27 00:00:00,2019-03-07 00:00:00,2019-08-05 12:31:02,190139,Approved,2,Goods,4060203005,"Oil, Rarus 427",Lubricants,Lubricants,Lubricants,Oil & Grease,,Litre,Buyer_04,9025,Vendor_141,Payment after 90 days from Invoice date,Site_078,CLOSED,Valid,Valid,416,416,0,0,EGP,1,416,40.76,16956.16,16956.16
EGYLUX,2019-02-27 00:00:00,2019-03-07 00:00:00,2019-08-05 12:31:02,190139,Approved,3,Goods,4060203006,"Oil, Mobil DTE heavy medium",Lubricants,Lubricants,Lubricants,Oil & Grease,,Litre,Buyer_04,9025,Vendor_141,Payment after 90 days from Invoice date,Site_078,CLOSED,Valid,Valid,416,416,0,0,EGP,1,416,45.9,19094.4,19094.4
EGYLUX,2019-02-27 00:00:00,2019-03-07 00:00:00,2019-08-05 12:31:02,190139,Approved,4,Goods,4060203008,"Oil, Mobilgear 600 XP 220",Lubricants,Lubricants,Lubricants,Oil & Grease,,Litre,Buyer_04,9025,Vendor_141,Payment after 90 days from Invoice date,Site_078,CLOSED,Valid,Valid,416,416,0,0,EGP,1,416,36.18,15050.88,15050.88
EGYLUX,2019-02-27 00:00:00,2019-03-07 00:00:00,2019-08-05 12:31:02,190139,Approved,5,Goods,4060203010,"Oil, Mobilgear 600 XP 320",Lubricants,Lubricants,Lubricants,Oil & Grease,,Litre,Buyer_04,9025,Vendor_141,Payment after 90 days from Invoice date,Site_078,CLOSED,Valid,Valid,5200,5200,0,0,EGP,1,5200,36.18,188136,188136
ASF,2019-02-27 00:00:00,2019-03-07 00:00:00,2019-08-05 12:31:02,190139,Approved,6,Goods,4060203012,"Oil, Mobilgear 600 XP 680",Lubricants,Lubricants,Lubricants,Oil & Grease,,Litre,Buyer_04,9025,Vendor_141,Payment after 90 days from Invoice date,Site_078,CLOSED,Valid,Valid,624,624,0,0,EGP,1,624,40.94,25546.56,25546.56
ASF,2019-02-27 00:00:00,2019-03-07 00:00:00,2019-08-05 12:31:02,190139,Approved,7,Goods,4060203018,"Oil, SHC 639",Lubricants,Lubricants,Lubricants,Oil & Grease,,Litre,Buyer_04,9025,Vendor_141,Payment after 90 days from Invoice date,Site_078,CLOSED,Valid,Valid,1040,1040,0,0,EGP,1,1040,204,212160,212160
ESCC,2019-02-27 00:00:00,2019-03-07 00:00:00,2019-08-05 12:31:02,190139,Approved,8,Goods,4060103024,"Grease, Mobilith SHC 1500",Lubricants,Lubricants,Lubricants,Oil & Grease,,Kilogram,Buyer_04,9025,Vendor_141,Payment after 90 days from Invoice date,Site_078,CLOSED,Valid,Valid,96,96,0,0,EGP,1,96,229.5,22032,22032
EGYLUX,2019-02-26 00:00:00,,,190136,Rejected,1,Goods,3080203611,"Flood light unit, halogen type, rating 150 watt, 24VDC(China), with bulb(Germany).",Spare parts,Electrical items,Electrical Miscellaneous,Lighting,,Each,Buyer_06,9044,Vendor_107,Immediate,Site_081,OPEN,Valid,Valid,0,0,0,0,EGP,1,50,175.75,8787.5,8787.5
ESCC,2019-02-26 00:00:00,,,190136,Rejected,2,Goods,3080203612,"Bulbs, halogen, power 150w, voltage 24VDC, for lighting,(Germany).",Spare parts,Electrical items,Electrical Miscellaneous,Lighting,,Each,Buyer_06,9044,Vendor_107,Immediate,Site_081,OPEN,Valid,Valid,0,0,0,0,EGP,1,100,85.5,8550,8550
EGYLUX,2019-02-26 00:00:00,,,190136,Rejected,3,Goods,3080201395,"Bulbs, designation halogen, power 500w, voltage 220vac, for lighting,(China).",Spare parts,Electrical items,Electrical Miscellaneous,Lighting,,Each,Buyer_06,9044,Vendor_107,Immediate,Site_081,OPEN,Valid,Valid,0,0,0,0,EGP,1,100,14.25,1425,1425
EGYLUX,2019-02-26 00:00:00,,,190136,Rejected,4,Goods,3080201401,"Flood light unit, halogen type, with lamp, rating 500 watt,(China).",Spare parts,Electrical items,Electrical Miscellaneous,Lighting,,Each,Buyer_06,9044,Vendor_107,Immediate,Site_081,OPEN,Valid,Valid,0,0,0,0,EGP,1,50,109.25,5462.5,5462.5
ASF,2019-02-26 00:00:00,2019-06-16 00:00:00,2019-10-02 18:08:20,190137,Approved,1,Goods,3010804076,"Sheet, Klingerite, thickness 02 mm, recommended 1.25mx1.25m",Spare parts,Workshop material,Workshop material,Klingerite PR.,,Square Meter,Buyer_01,9002,Vendor_029,14 days,Site_069,CLOSED,Valid,Valid,9,9,0,0,EGP,1,9,80,720,720
ASF,2019-02-26 00:00:00,2019-06-16 00:00:00,2019-10-02 18:08:20,190137,Approved,2,Goods,3010804077,"Sheet, Klingerite, thickness 03 mm, recommended 1.25mx1.25m",Spare parts,Workshop material,Workshop material,Klingerite PR.,,Square Meter,Buyer_01,9002,Vendor_029,14 days,Site_069,CLOSED,Valid,Valid,9,9,0,0,EGP,1,9,120,1080,1080
EMAS,2019-02-25 00:00:00,,,190129,Rejected,1,Goods,4100311353,"Locknut, SKF, HM 3068, PN 56580, item no. 01.01.01.09, SPL 5.516455, for Rotary kiln Hydraulic thrust device 431.HT120",Spare parts,Bearings,Bearings,Locking nut and clamp for hydraulic thrust device of kiln.,,Each,Buyer_01,9079,Vendor_111,30 days,Site_046,OPEN,Valid,Valid,0,0,0,0,EGP,1,1,9100,9100,9100
ASF,2019-02-25 00:00:00,,,190129,Rejected,2,Goods,4100511354,"Clamp, locking clamp, SKF MS 3068-64, PN 56581, item no. 01.01.01.10, SPL 5.516455, for Rotary kiln Hydraulic thrust device 431.HT120",Spare parts,Bearings,Bearings,Locking nut and clamp for hydraulic thrust device of kiln.,,Each,Buyer_01,9079,Vendor_111,30 days,Site_046,OPEN,Valid,Valid,0,0,0,0,EGP,1,1,270,270,270
EMAS,2019-02-25 00:00:00,2019-06-16 00:00:00,2019-10-22 10:00:29,190130,Approved,1,Goods,3020400920,"Bearing, 6316 C3",Spare parts,Bearings,Bearings,Bearing PR.,,Each,Buyer_01,9034,Vendor_064,30 days,Site_045,CLOSED,Valid,Valid,3,3,0,0,EGP,1,3,959,2877,2877
EMAS,2019-02-25 00:00:00,2019-06-16 00:00:00,2019-10-22 10:00:29,190130,Approved,2,Goods,3020408410,"Bearing, 6203-2RS",Spare parts,Bearings,Bearings,Bearing PR.,,Each,Buyer_01,9034,Vendor_064,30 days,Site_045,CLOSED,Valid,Valid,10,10,0,0,EGP,1,10,39.35,393.5,393.5
EMAS,2019-02-25 00:00:00,2019-06-16 00:00:00,2019-10-22 10:00:29,190130,Approved,3,Goods,3020406365,"Bearing, 6002 ZZ C3",Spare parts,Bearings,Bearings,Bearing PR.,,Each,Buyer_01,9034,Vendor_064,30 days,Site_045,CLOSED,Valid,Valid,30,30,0,0,EGP,1,30,32.22,966.6,966.6
EMAS,2019-02-25 00:00:00,2019-06-16 00:00:00,2019-10-22 10:00:29,190130,Approved,4,Goods,3021208592,"Bearing, YAR 212 2F",Spare parts,Bearings,Bearings,Bearing PR.,,Each,Buyer_01,9034,Vendor_064,30 days,Site_045,CLOSED,Valid,Valid,2,2,0,0,EGP,1,2,570,1140,1140
EMAS,2019-02-25 00:00:00,2019-03-31 00:00:00,2019-08-05 12:47:37,190131,Approved,1,Goods,3020308947,"Roller, buffer, guide roller, PWTR 3580.2RS, for reclaimer",Spare parts,Bearings,Bearings,Buffer roller for reclaimer.,,Each,Buyer_01,9036,Vendor_084,30 days,Site_061,CLOSED,Valid,Valid,40,40,0,0,EGP,1,40,825,33000,33000
ESCC,2019-02-25 00:00:00,2019-06-16 00:00:00,2019-12-18 12:50:32,190132,Approved,1,Goods,3020900825,"Bearing, 23122 CCK W33",Spare parts,Bearings,Bearings,Bearing PR.,,Each,Buyer_01,9036,Vendor_084,30 days,Site_061,CLOSED,Valid,Valid,2,2,0,0,EGP,1,2,3500,7000,7000
ASF,2019-02-25 00:00:00,2019-06-16 00:00:00,2019-12-18 12:50:32,190132,Approved,2,Goods,4101404158,"Washer, locking, MB 22, for lock nut KM 22",Spare parts,Bearings,Bearings,Bearing PR.,,Each,Buyer_01,9036,Vendor_084,30 days,Site_061,CLOSED,Valid,Valid,4,4,0,0,EGP,1,4,25,100,100
EMAS,2019-02-25 00:00:00,2019-06-16 00:00:00,2019-08-05 13:08:10,190133,Approved,1,Goods,3010901029,"Seal, for bearing housing, TSN 522 G",Spare parts,Bearings,Bearings,Bearing PR.,,Each,Buyer_01,9034,Vendor_064,30 days,Site_045,CLOSED,Valid,Valid,4,4,0,0,EGP,1,4,370,1480,1480
EGYLUX,2019-02-25 00:00:00,2019-06-16 00:00:00,2019-08-05 13:08:10,190133,Approved,2,Goods,3053200951,"Sleeve, adapter, H2324",Spare parts,Bearings,Bearings,Bearing PR.,,Each,Buyer_01,9034,Vendor_064,30 days,Site_045,CLOSED,Valid,Valid,1,1,0,0,EGP,1,1,1664,1664,1664
ASF,2019-02-25 00:00:00,2019-06-16 00:00:00,2019-08-05 13:08:10,190133,Approved,3,Goods,3053200962,"Sleeve, adapter, H3122",Spare parts,Bearings,Bearings,Bearing PR.,,Each,Buyer_01,9034,Vendor_064,30 days,Site_045,CLOSED,Valid,Valid,1,1,0,0,EGP,1,1,1079.55,1079.55,1079.55
ASF,2019-02-25 00:00:00,2019-06-16 00:00:00,2019-08-05 13:08:10,190133,Approved,4,Goods,3020400900,"Bearing, 6208 ZZC3",Spare parts,Bearings,Bearings,Bearing PR.,,Each,Buyer_01,9034,Vendor_064,30 days,Site_045,CLOSED,Valid,Valid,10,10,0,0,EGP,1,10,117,1170,1170
EMAS,2019-02-25 00:00:00,2019-06-16 00:00:00,2019-08-05 13:08:10,190133,Approved,5,Goods,4100306119,"Nut, locking, type KM 22",Spare parts,Bearings,Bearings,Bearing PR.,,Each,Buyer_01,9034,Vendor_064,30 days,Site_045,CLOSED,Valid,Valid,1,1,0,0,EGP,1,1,374,374,374
ESCC,2019-02-25 00:00:00,2019-02-25 00:00:00,2019-06-25 14:28:49,190134,Approved,1,Capex,,- Battery For UPS APC Smart 10K +3 Extra Batteries / Eng. Mohamed Elshabrawy,,,,,,Each,Buyer_02,9018,Vendor_149,,Site_042,CLOSED,Valid,Valid,4,4,0,0,EGP,1,4,17000,68000,68000
EMAS,2019-02-25 00:00:00,2019-06-16 00:00:00,2019-12-18 12:52:46,190135,Approved,1,Goods,3030603755,"Coupling, HRC 180, complete, with rubber element and taper bush 2517, D1=55 K6 width = 16 mm, depth = 60.2 mm., D2=50 H7 width = 14mm depth = 53.7 mm, for rotary airlock of cooling tower",Spare parts,Mechanical items,mechanical items for raw meal production area (300),Coupling  for rotary airlock of cooling tower.,,Each,Buyer_01,9058,Vendor_129,30 days,Site_082,CLOSED,Valid,Valid,1,1,0,0,EGP,1,1,6000,6000,6000
ESCC,2019-02-21 00:00:00,2019-04-10 00:00:00,2019-04-18 10:51:35,190124,Approved,1,Goods,3130203615,"Thermocouple, Type K, Length 1000mm, Hollow Bar SS446, OD 22mm, ID 9mm, element size 8mm, with transmitter TH300, output 4-20mA, for temperature range 0-1000C.",Spare parts,Electrical items,Instrumentation,Thermocouples,,Each,Buyer_06,9047,Vendor_046,14 days,Site_107,CLOSED,Valid,Valid,8,8,0,0,EGP,1,8,1400,11200,11200
EGYLUX,2019-02-21 00:00:00,2019-02-21 00:00:00,,190125,Approved,1,Goods,4070102122,"Support cage, length 1487 mm, for jet pulse filter type IN-V 24, for cement bulk loading",Spare parts,Mechanical items,Bag filters,Support cage for jet pulse filter.,,Each,Buyer_05,9053,Vendor_136,,Site_104,OPEN,Valid,Valid,0,0,0,0,EGP,1,25,0,0,0
ASF,2019-02-21 00:00:00,2019-04-10 00:00:00,2019-06-19 16:30:39,190126,Approved,1,Goods,3130202438,"PT100 Sensor, Code: IRTD-SS316L-1 XPT100-A-21.3-700, PT100, probe length 1000 mm, Dia. 21.3mm, with transmitter type TH300, range 0-150C, FLS code B55.1000.0Z, for 321.IP851 & as mentioned in the offer.",Spare parts,Electrical items,Instrumentation,Thermocouples,,Each,Buyer_06,9078,Vendor_133,14 days,Site_061,CLOSED,Valid,Valid,2,2,0,0,EGP,1,2,870,1740,1740
EGYLUX,2019-02-21 00:00:00,2019-04-10 00:00:00,2019-06-19 16:30:39,190126,Approved,2,Goods,3130203599,"Thermocouple, Code: ITC-SS446 INCONEL-K-8-22-710.Type K, Length 710mm, Hollow Bar SS446, OD 22mm, ID 9mm, element size 8mm, with transmitter TH300, output 4-20mA, for temperature range 0-1000Cand as mentioned in the offer.",Spare parts,Electrical items,Instrumentation,Thermocouples,,Each,Buyer_06,9078,Vendor_133,14 days,Site_061,CLOSED,Valid,Valid,8,8,0,0,EGP,1,8,1300,10400,10400
ESCC,2019-02-21 00:00:00,2019-04-10 00:00:00,2019-06-19 16:30:39,190126,Approved,3,Goods,3130202951,"Thermocouple, Code: CTC-SS446-C6-R-0.3-22-71 O. Type R. Length 710mm, Hollow Bar SS446, OD 22mm, ID 9mm, element size 0.3-0.35mm, with transmitter TH300, output 4-20mA, for temperature range 0-1500C & as mentioned in the offer.",Spare parts,Electrical items,Instrumentation,Thermocouples,,Each,Buyer_06,9078,Vendor_133,14 days,Site_061,CLOSED,Valid,Valid,5,5,0,0,EGP,1,5,3600,18000,18000
ESCC,2019-02-21 00:00:00,2019-06-16 00:00:00,2019-09-02 15:26:57,190127,Approved,1,Goods,3051401070,"Idler, impact type PSV/1, 20F14, 108 NA, 323, supplier Rulmeca.",Spare parts,Belt conveyor,Belt conveyors,Idlers for rubber belt.,,Each,Buyer_05,9061,Vendor_158,14 days,Site_081,CLOSED,Valid,Valid,20,20,0,0,EGP,1,20,378,7560,7560
EGYLUX,2019-02-21 00:00:00,2019-06-16 00:00:00,2019-09-02 15:26:57,190127,Approved,2,Goods,3051401079,"Idler, rubber disc type PSV/1, 20F14, 133 NL, 958, supplier Rulmeca.",Spare parts,Belt conveyor,Belt conveyors,Idlers for rubber belt.,,Each,Buyer_05,9061,Vendor_158,14 days,Site_081,CLOSED,Valid,Valid,50,50,0,0,EGP,1,50,606,30300,30300
ESCC,2019-02-21 00:00:00,2019-06-16 00:00:00,2019-09-02 15:26:57,190127,Approved,3,Goods,3051401086,"Idler, self-adjusting, type PSV/1,2 0F14, 122 NR, diameter 122 mm x 500 mm, 508, dwg. no. 40001673, supplier Rulmeca.",Spare parts,Belt conveyor,Belt conveyors,Idlers for rubber belt.,,Each,Buyer_05,9061,Vendor_158,14 days,Site_081,CLOSED,Valid,Valid,10,10,0,0,EGP,1,10,836,8360,8360
EGYLUX,2019-02-21 00:00:00,2019-06-16 00:00:00,2019-09-02 15:26:57,190127,Approved,4,Goods,3051401088,"Idler, self-adjusting type PSV/1, 20F14, 122 NR, 408, according to FLS dwg. no. 40001672, supplier Rulmeca.",Spare parts,Belt conveyor,Belt conveyors,Idlers for rubber belt.,,Each,Buyer_05,9061,Vendor_158,14 days,Site_081,CLOSED,Valid,Valid,10,10,0,0,EGP,1,10,711,7110,7110
ASF,2019-02-21 00:00:00,2019-06-16 00:00:00,2019-09-02 15:26:57,190127,Approved,5,Goods,3051401090,"Idler, self-adjusting type PSV/1, 20F14, 122 NR, 958, according to FLS dwg. no. 3.200570, supplier Rulmeca.",Spare parts,Belt conveyor,Belt conveyors,Idlers for rubber belt.,,Each,Buyer_05,9061,Vendor_158,14 days,Site_081,CLOSED,Valid,Valid,15,15,0,0,EGP,1,15,1405,21075,21075
EGYLUX,2019-02-21 00:00:00,,,190128,Rejected,1,Goods,4090905484,"Pipe, seamless, size 20 inch, sch 40, material steel, finish black recommended length 6000 mm",Spare parts,Mechanical items,Piping and fitting,Pipe,,Each,Buyer_03,9095,Vendor_043,14 days,Site_063,OPEN,Valid,Valid,0,0,0,0,EGP,1,1,27000,27000,27000
ASF,2019-02-20 00:00:00,2019-08-22 00:00:00,2020-06-03 13:12:43,190118,Approved,1,Direct,,"Kit, repair kit, for hydraulic jack, type CGS200P010/SPC, MAX 2000 BAR, code 08/05501, 058512A, for kiln jack",,,,Repair Kit,,Kit,Buyer_04,9145,Vendor_005,,Site_028,CLOSED,Valid,Valid,2,2,0,0,EUR,20.1537,2,109,218,4393.51
EGYLUX,2019-02-20 00:00:00,2019-08-22 00:00:00,2020-06-03 13:20:10,190119,Approved,1,Direct,,"Kit, repair kit, for hydraulic hand pump, type NIKE code PHS150-1000, SERIAL NO. 0980042-002, complete, for kiln jack",,,,Repair Kit,,Set,Buyer_04,9144,Vendor_018,,Site_023,CLOSED,Valid,Valid,2,2,0,0,AED,4.79522,2,860,1720,8247.78
ESCC,2019-02-20 00:00:00,2019-05-15 00:00:00,,190120,Approved,1,Direct,,"Repair, Cylinder, hydraulic cylinder assembly,D=230 X d=115 X s=285, complete according to part list 50067119, item no. 07.02.01.01, assembly drawing no. 1.205775, for Atox coal mil 25",,,,repair cylinders,,Each,Buyer_03,9143,Vendor_068,"50% against LG, 50% after Delivery",Site_018,OPEN,Valid,Valid,0,0,0,0,EGP,1,1,16500,16500,16500
EGYLUX,2019-02-20 00:00:00,2019-05-15 00:00:00,,190120,Approved,2,Direct,,"Repair, Hydraulic cylinder, diam 400 / diam200 x 450, assembly drawing 1.205430, SPL 50030495, section 07.02 complete, for 321.HY110, for Atox Mill AM-R 45.0",,,,repair cylinders,,Each,Buyer_03,9143,Vendor_068,"50% against LG, 50% after Delivery",Site_018,OPEN,Valid,Valid,1,1,0,0,EGP,1,1,37500,37500,37500
ESCC,2019-02-20 00:00:00,2019-08-06 00:00:00,2020-03-15 10:39:40,190121,Approved,1,Goods,3060110118,"Flab, non-return flab, pos. no. 0612, assembly drawing no. ZG-00788, for blower type GM 25 S, serial no. 4020886  , Manufacturer: Aerzener, order no. 42201",Spare parts,Mechanical items,mechanical items for cement storage and dispatch area (600),Flab,,Each,Buyer_03,9146,Vendor_120,30 days,Site_092,CLOSED,Valid,Valid,2,2,0,0,EGP,1,2,2781.41,5562.82,5562.82
EGYLUX,2019-02-20 00:00:00,2019-08-06 00:00:00,2020-03-15 10:39:40,190121,Approved,2,Goods,3060110136,"Flab, non-return flab, pos. no. 0611, assembly drawing no. ZG-01536, for blower type GM 80 L, serial no. 4015296  , Manufacturer: Aerzener, order no. 34709 000010",Spare parts,Mechanical items,mechanical items for clinker production area (400),Flab,,Each,Buyer_03,9146,Vendor_120,30 days,Site_092,CLOSED,Valid,Valid,2,2,0,0,EGP,1,2,8244.69,16489.38,16489.38
EGYLUX,2019-02-20 00:00:00,2019-08-06 00:00:00,2020-03-15 10:39:40,190121,Approved,3,Goods,3060110153,"Flab, non-return flab, pos. no. 0612, assembly drawing no. ZG-02419, for blower type GM 150 S, serial no. 4016119  , Manufacturer: Aerzener, order no. 34709 000010",Spare parts,Mechanical items,mechanical items for clinker production area (400),Flab,,Each,Buyer_03,9146,Vendor_120,30 days,Site_092,CLOSED,Valid,Valid,2,2,0,0,EGP,1,2,11012.26,22024.52,22024.52
EMAS,2019-02-20 00:00:00,2019-06-16 00:00:00,2019-07-09 14:52:18,190122,Approved,1,Goods,4100100252,"Screw, hexagon head, M16X040, steel grade 8.8, DIN 933, black Steel",Spare parts,Mechanical items,Fasteners,Fasteners.,,Each,Buyer_05,9014,Vendor_031,14 days,Site_052,CLOSED,Valid,Valid,200,200,0,0,EGP,1,200,3,600,600
ESCC,2019-02-20 00:00:00,2019-06-16 00:00:00,2019-07-09 14:52:18,190122,Approved,3,Goods,4100111318,"Screw, hexagon socket set screw, M16X30, steel grade 45H, DIN 916",Spare parts,Mechanical items,Fasteners,Fasteners.,,Each,Buyer_05,9014,Vendor_031,14 days,Site_052,CLOSED,Valid,Valid,20,20,0,0,EGP,1,20,4,80,80
EMAS,2019-02-20 00:00:00,2019-08-06 00:00:00,,190123,Approved,1,Goods,4109911331,"Pin, Split, 6.3X63 mm, material steel, according to ISO 1234",Spare parts,Mechanical items,Fasteners,Split pin.,,Each,Buyer_05,9066,Vendor_082,14 days,Site_061,OPEN,Valid,Valid,0,0,0,0,EGP,1,20,3,60,60
ESCC,2019-02-18 00:00:00,2019-06-16 00:00:00,2019-11-04 12:05:31,190115,Approved,1,Goods,3030401815,"Chain, bow assembly 36-HS-4, consist of one chain bow 36-H-4, one retainer plate 36-S-4 dimension 250x100x10 mm, two spring washer for screw M30 according to DIN 128-A , and two hexagon nut M30 steel class 5 DIN 972, according to dwg. No",Spare parts,Bucket elevator,mechanical items for raw meal production area (300),Chain,,Set,Buyer_04,9069,Vendor_009,,Site_029,CLOSED,Valid,Valid,15,15,0,0,EUR,20.1537,15,116,1740,35067.44
EMAS,2019-02-18 00:00:00,2019-02-18 00:00:00,2019-03-26 13:52:05,190116,Approved,1,Capex,,Cartridges 05A,,,,,,Each,Buyer_02,9113,Vendor_079,30 days,Site_008,CLOSED,Valid,Valid,10,10,0,0,EGP,1,10,118.421,1184.21,1184.21
ASF,2019-02-18 00:00:00,2019-02-18 00:00:00,2019-03-26 13:52:05,190116,Approved,2,Capex,,2 Cartridge 81A original for copoun,,,,,,Each,Buyer_02,9113,Vendor_079,30 days,Site_008,CLOSED,Valid,Valid,2,2,0,0,EGP,1,2,833.333,1666.67,1666.67
EGYLUX,2019-02-18 00:00:00,2019-02-18 00:00:00,2019-03-26 13:52:05,190116,Approved,3,Capex,,3 Cartridges 05A original for copoun,,,,,,Each,Buyer_02,9113,Vendor_079,30 days,Site_008,CLOSED,Valid,Valid,3,3,0,0,EGP,1,3,596.491,1789.47,1789.47
ESCC,2019-02-18 00:00:00,2019-02-18 00:00:00,2019-03-26 13:52:05,190116,Approved,4,Capex,,7 Cartridge 64A original for copoune,,,,,,Each,Buyer_02,9113,Vendor_079,30 days,Site_008,CLOSED,Valid,Valid,5,5,0,0,EGP,1,5,789.424,3947.12,3947.12
ESCC,2019-02-18 00:00:00,2019-02-18 00:00:00,2019-03-26 13:52:05,190116,Approved,5,Capex,,4 Cartridge 83A,,,,,,Each,Buyer_02,9113,Vendor_079,30 days,Site_008,CLOSED,Valid,Valid,3,3,0,0,EGP,1,3,118.421,355.26,355.26
EGYLUX,2019-02-18 00:00:00,2019-06-16 00:00:00,2019-12-23 12:16:11,190117,Approved,1,Goods,3051401059,"Idler, common type PSV/1, 20F14, 108 N, 323, supplier Rulmeca.",Spare parts,Belt conveyor,Belt conveyors,Idlers for rubber belt.,,Each,Buyer_05,9034,Vendor_064,14 days,Site_045,CLOSED,Valid,Valid,100,100,0,0,EGP,1,100,306.9,30690,30690
ESCC,2019-02-18 00:00:00,2019-06-16 00:00:00,2019-12-23 12:16:11,190117,Approved,2,Goods,3051401084,"Idler, non-magnetic type PL/4, 20F14, 140 V, 538, supplier Rulmeca.",Spare parts,Belt conveyor,Belt conveyors,Idlers for rubber belt.,,Each,Buyer_05,9034,Vendor_064,14 days,Site_045,CLOSED,Valid,Valid,5,5,0,0,EGP,1,5,808,4040,4040
ESCC,2019-02-18 00:00:00,2019-06-16 00:00:00,2019-12-23 12:16:11,190117,Approved,3,Goods,3051401092,"Idler, steering type PS/G7, 20 M16, 60 N, 100, supplier Rulmeca.",Spare parts,Belt conveyor,Belt conveyors,Idlers for rubber belt.,,Each,Buyer_05,9034,Vendor_064,14 days,Site_045,CLOSED,Valid,Valid,50,50,0,0,EGP,1,50,265,13250,13250
EMAS,2019-02-18 00:00:00,2019-06-16 00:00:00,2019-12-23 12:16:11,190117,Approved,4,Goods,3051409397,"Idler, non-magnetic type PL/4, 20 F14, 140 V, 473, supplier Rulmeca",Spare parts,Mechanical items,Mechanical Miscellaneous,Idlers for rubber belt.,,Each,Buyer_05,9034,Vendor_064,14 days,Site_045,CLOSED,Valid,Valid,5,5,0,0,EGP,1,5,784,3920,3920
ESCC,2019-02-17 00:00:00,2019-03-03 00:00:00,,190109,Approved,1,Goods,4090600373,"Sheet, thickness 02 mm, material steel 37 (material no. 1.0038) black, according to DIN 1541, weight/m2= 016 kg, recommended sheet dimensions 1.5mX3m.",Spare parts,Workshop material,Workshop material,Materials for next shutdown.,,Kilogram,Buyer_01,9110,Vendor_036,30 days,Site_091,OPEN,Valid,Valid,350,350,0,0,EGP,1,360,11.4,4104,4104
ASF,2019-02-17 00:00:00,2019-03-03 00:00:00,,190109,Approved,2,Goods,4090600378,"Sheet, thickness 08 mm, material steel 37 (material no. 1.0038) black, according to DIN 1541, weight/m2= 064 kg, recommended sheet dimensions 1.5mX6m.",Spare parts,Workshop material,Workshop material,Materials for next shutdown.,,Kilogram,Buyer_01,9110,Vendor_036,30 days,Site_091,OPEN,Valid,Valid,2880,2880,0,0,EGP,1,2880,10.96,31564.8,31564.8
ASF,2019-02-17 00:00:00,2019-03-03 00:00:00,,190110,Approved,1,Goods,4090500413,"Beam, standard, HEB 240x6000 mm, weight/m=083.2 Kg, according to DIN 1025",Spare parts,Workshop material,Workshop material,Material for next shutdown.,,Kilogram,Buyer_01,9110,Vendor_036,30 days,Site_091,OPEN,Valid,Valid,2950,2950,0,0,EGP,1,2995.2,12.06,36122.11,36122.11
EGYLUX,2019-02-17 00:00:00,2019-03-03 00:00:00,,190110,Approved,2,Goods,4090500446,"Angle, equal, steel, 100x100x10 mm, length 6000 mm, according to DIN 1028",Spare parts,Workshop material,Workshop material,Material for next shutdown.,,Kilogram,Buyer_01,9110,Vendor_036,30 days,Site_091,OPEN,Valid,Valid,1530,1530,0,0,EGP,1,1530,11.09,16967.7,16967.7
ESCC,2019-02-17 00:00:00,,,190111,Rejected,1,Goods,4090600378,"Sheet, thickness 08 mm, material steel 37 (material no. 1.0038) black, according to DIN 1541, weight/m2= 064 kg, recommended sheet dimensions 1.5mX6m.",Spare parts,Workshop material,Workshop material,Materials for kiln hood roof.,,Kilogram,Buyer_01,9110,Vendor_036,,Site_091,OPEN,Valid,Valid,0,0,0,0,EGP,1,11520,10.96,126259.2,126259.2
EGYLUX,2019-02-17 00:00:00,,,190111,Rejected,2,Goods,4090500445,"Angle, equal, steel, 070x070x07 mm, length 6000 mm, according to DIN 1028",Spare parts,Workshop material,Workshop material,Materials for kiln hood roof.,,Kilogram,Buyer_01,9110,Vendor_036,,Site_091,OPEN,Valid,Valid,0,0,0,0,EGP,1,132.84,10.87,1443.97,1443.97
ASF,2019-02-17 00:00:00,,,190111,Rejected,3,Goods,4090608533,"Sheet, thickness 15 mm, material steel 37 (material no. 1.0038) black, according to DIN 1541, weight/m2= 128 kg, recommended sheet dimensions 1.5mX6m.",Spare parts,Workshop material,Workshop material,Materials for kiln hood roof.,,Kilogram,Buyer_01,9110,Vendor_036,,Site_091,OPEN,Valid,Valid,0,0,0,0,EGP,1,6480,10.96,71020.8,71020.8
ESCC,2019-02-17 00:00:00,,,190111,Rejected,4,Goods,4090510477,"Beam, standard, IPE 200x12000 mm",Spare parts,Workshop material,Workshop material,Materials for kiln hood roof.,,kiloGram,Buyer_01,9110,Vendor_036,,Site_091,OPEN,Valid,Valid,0,0,0,0,EGP,1,6451.2,11.92,76898.3,76898.3
ESCC,2019-02-17 00:00:00,2019-03-03 00:00:00,,190112,Approved,1,Goods,4090600373,"Sheet, thickness 02 mm, material steel 37 (material no. 1.0038) black, according to DIN 1541, weight/m2= 016 kg, recommended sheet dimensions 1.25mX3m.",Spare parts,Workshop material,Workshop material,"Sheet, TH 02 for shims.",,Kilogram,Buyer_01,9110,Vendor_036,30 days,Site_091,OPEN,Valid,Valid,1050,1050,0,0,EGP,1,1080,11.4,12312,12312
EGYLUX,2019-02-17 00:00:00,2019-02-27 00:00:00,2019-03-28 10:45:31,190113,Approved,1,Goods,4991203763,"Ink, type JAM-1001 black (SB), 10081-902-03/71000615, supplier Matthews, for printing machine for packing area",Production supplies,Production supplies,Production supplies,Ink,,Litre,Buyer_03,9112,Vendor_057,14 days,Site_066,CLOSED,Valid,Valid,960,960,0,0,EGP,1,960,135,129600,129600
ASF,2019-02-17 00:00:00,2019-04-07 00:00:00,2019-11-04 11:52:42,190114,Approved,1,Goods,4090610239,"Sheet, thickness 20 mm, material number 1.5415 heat resistance steel , according to DIN EN 10027, weight/m2= 160 kg, recommended sheet dimensions 2.5 m X 12 m ( material A516GR70)",Spare parts,Workshop material,Workshop material,Material for calcainer break sheilf.,,Kilogram,Buyer_01,9123,Vendor_032,Immediate,Site_108,CLOSED,Valid,Valid,4800,4800,0,0,EGP,1,4800,17.105,82104,82104
ESCC,2019-02-17 00:00:00,2019-04-07 00:00:00,2019-11-04 11:52:42,190114,Approved,2,Goods,4090611405,"Sheet, thickness 10 mm, material number 1.5415 (GR 70 A 516) heat resistance steel , according to DIN EN 10027, weight/m2= 80 kg, recommended sheet dimensions 2.5 m X 12 m.",Spare parts,Workshop material,Workshop material,Material for calcainer break sheilf.,,Kilogram,Buyer_01,9123,Vendor_032,Immediate,Site_108,CLOSED,Valid,Valid,2400,2400,0,0,EGP,1,2400,17.105,41052,41052
EGYLUX,2019-02-14 00:00:00,2019-06-16 00:00:00,2019-10-10 16:00:23,190106,Approved,1,Goods,3030201127,"Belt, V-belt type, SPA 2500",Spare parts,Mechanical items,V-belt items,Belt,,Each,Buyer_03,9098,Vendor_033,14 days,Site_090,CLOSED,Valid,Valid,20,20,0,0,EGP,1,20,101.65,2033,2033
ASF,2019-02-14 00:00:00,2019-06-16 00:00:00,2019-10-10 16:00:23,190106,Approved,2,Goods,3030201129,"Belt, V-belt type, SPB 1250",Spare parts,Mechanical items,V-belt items,Belt,,Each,Buyer_03,9098,Vendor_033,14 days,Site_090,CLOSED,Valid,Valid,20,20,0,0,EGP,1,20,86.85,1737,1737
EGYLUX,2019-02-14 00:00:00,,,190107,Rejected,1,Goods,3082904769,"Power Plug & socket , Range 63A, Voltage 380V, 5 PIN, Phases 3PNE, Protection IP67, type: wander , as mentioned in the offer.",Spare parts,Electrical items,Electrical Miscellaneous,Plug 63A,,Each,Buyer_06,9006,Vendor_142,14 days,Site_044,OPEN,Valid,Valid,0,0,0,0,EGP,1,20,770,15400,15400
EMAS,2019-02-14 00:00:00,2019-06-16 00:00:00,2019-11-13 13:38:13,190108,Approved,1,Goods,3052205816,"Lance, Spray complete, for Nozzle, spraying, type Flomax A, FMA-8-188-55-316SS, P.No 7.108.203, with fluid tip FM10A, part no. 5732885, 316 SS,for spraying system, main condition tower, part list 50031961, item no. 03010103, dwg. 10159449",Spare parts,Mechanical items,mechanical items for raw meal production area (300),Spray lance,,Each,Buyer_04,9057,Vendor_006,,Site_022,CLOSED,Valid,Valid,4,4,0,0,EUR,20.1537,4,5073.15,20292.6,408970.97
ESCC,2019-02-13 00:00:00,2019-06-16 00:00:00,2019-11-04 11:38:58,190101,Approved,1,Goods,3059903856,"Metalgummi, pos. no. 14, code no. 760019Z, dwg. Code NT02234D/R, order no. K0909, supplier Ventomatic, for bottom bag lifting, for bags applicator, for packing area",Spare parts,Mechanical items,mechanical items for cement storage and dispatch area (600),S-P,,Each,Buyer_04,9030,Vendor_007,,Site_025,CLOSED,Valid,Valid,10,10,0,0,EUR,20.1537,10,3.5,35,705.38
EMAS,2019-02-13 00:00:00,2019-06-16 00:00:00,2019-11-04 11:38:58,190101,Approved,2,Goods,3059905978,"Arm, pos. no. 15, code no. 523812D, supplier Ventomatic, for bag inserting clamp, for bags feeder machine, for packing machine",Spare parts,Mechanical items,mechanical items for cement storage and dispatch area (600),S-P,,Each,Buyer_04,9030,Vendor_007,,Site_025,CLOSED,Valid,Valid,6,6,0,0,EUR,20.1537,6,344.85,2069.1,41700.02
ASF,2019-02-13 00:00:00,2019-06-16 00:00:00,2019-11-04 11:38:58,190101,Approved,3,Goods,3059905979,"Arm, pos. no. 16, code no. 523813D, supplier Ventomatic, for bag inserting clamp, for bags feeder machine, for packing machine",Spare parts,Mechanical items,mechanical items for cement storage and dispatch area (600),S-P,,Each,Buyer_04,9030,Vendor_007,,Site_025,CLOSED,Valid,Valid,6,6,0,0,EUR,20.1537,6,356.25,2137.5,43078.53
EMAS,2019-02-13 00:00:00,2019-06-16 00:00:00,2019-11-04 11:38:58,190101,Approved,4,Goods,3059905977,"Support, pos. no. 2, code no. 512679D, supplier Ventomatic, for bag inserting clamp, for bags applicator, for packing machine",Spare parts,Mechanical items,mechanical items for cement storage and dispatch area (600),S-P,,Each,Buyer_04,9030,Vendor_007,,Site_025,CLOSED,Valid,Valid,6,6,0,0,EUR,20.1537,6,211.85,1271.1,25617.37
EMAS,2019-02-13 00:00:00,2019-03-03 00:00:00,2019-07-18 11:36:41,190102,Approved,1,Direct,,"Duct, inlet duct , dwg.no. 10361333 and 10361332, material no. 1.0038, for filter bag house, for coal mill",,,,Duct for filter bag of coal mill.,,Each,Buyer_05,9056,Vendor_067,14 days,Site_057,CLOSED,Valid,Valid,1,1,0,0,EGP,1,1,70000,70000,70000
ASF,2019-02-13 00:00:00,2019-04-07 00:00:00,2019-05-27 13:16:52,190103,Approved,1,Goods,4100300331,"Nut, hexagon, M30, steel class 8, DIN 934, normal metric thread",Spare parts,Mechanical items,Fasteners,Fasteners.,,Each,Buyer_05,9014,Vendor_031,14 days,Site_052,CLOSED,Valid,Valid,250,250,0,0,EGP,1,250,8,2000,2000
EGYLUX,2019-02-13 00:00:00,2019-04-07 00:00:00,2019-05-27 13:16:52,190103,Approved,2,Goods,4100111345,"Screw, hexagon head, M30X150, steel grade 8.8, DIN 931, black steel",Spare parts,Mechanical items,Fasteners,Fasteners.,,Each,Buyer_05,9014,Vendor_031,14 days,Site_052,CLOSED,Valid,Valid,150,150,0,0,EGP,1,150,55,8250,8250
EMAS,2019-02-13 00:00:00,2019-06-16 00:00:00,,190104,Approved,1,Goods,3051508138,"Gauge, pressure, type MANOMETER dia. 63 0- 60 BAR 1/4? RG with back thread BAGUD with glycerin, material no. DK00701429, item no. 455, for 441.MD140",Spare parts,Mechanical items,mechanical items for clinker production area (400),Gauge,,Each,Buyer_03,9100,Vendor_038,14 days,Site_089,OPEN,Valid,Valid,0,0,0,0,EGP,1,2,370,740,740
EGYLUX,2019-02-13 00:00:00,2019-03-03 00:00:00,2019-09-03 15:05:19,190105,Approved,1,Goods,4040306222,"Hammer, club hammer, dwg.no. 5.055073, code 190.016.006, PN 1555476 , for Electrostatic precipitator",Wear parts,Mechanical items,Electrostatic Precipetator,Club hammer for electrostatic precipitator.,,Each,Buyer_05,9077,Vendor_114,14 days,Site_071,CLOSED,Valid,Valid,80,80,0,0,EGP,1,80,547,43760,43760
EMAS,2019-02-12 00:00:00,,,190098,Rejected,1,Goods,3100506523,"Motor, geared motor, type R77/II2GDEDRE132S4/3GD/KCC/AL, replacement for SN 65.1977274201.0001.14, 68 rpm, ratio i 21.43, Atex code II2GDc,KT4/T120C, SEW Surodrive.",Spare parts,motors,motors,Geared motor,,Each,Buyer_06,9088,Vendor_150,Immediate,Site_107,OPEN,Valid,Valid,0,0,0,0,EGP,1,1,26639.16,26639.16,26639.16
EGYLUX,2019-02-12 00:00:00,2019-06-16 00:00:00,,190099,Approved,1,Goods,3052701155,"Pulley, V-belt, type SPZ 118, 4 grooves, material GG 25",Spare parts,Mechanical items,V-belt items,Pulley,,Each,Buyer_03,9098,Vendor_033,14 days,Site_090,OPEN,Valid,Valid,2,2,0,0,EGP,1,2,254.8,509.6,509.6
ASF,2019-02-12 00:00:00,2019-06-16 00:00:00,,190099,Approved,2,Goods,3052701157,"Pulley, V-belt, type SPZ 125, 4 grooves, material GG 25",Spare parts,Mechanical items,V-belt items,Pulley,,Each,Buyer_03,9098,Vendor_033,14 days,Site_090,OPEN,Valid,Valid,2,2,0,0,EGP,1,2,283.4,566.8,566.8
EMAS,2019-02-12 00:00:00,2019-06-16 00:00:00,,190099,Approved,3,Goods,3050301163,"Bush, taper no. 2012, for V-belt pullies",Spare parts,Mechanical items,V-belt items,Pulley,,Each,Buyer_03,9098,Vendor_033,14 days,Site_090,OPEN,Valid,Valid,1,1,0,0,EGP,1,2,96.5,193,193
ASF,2019-02-12 00:00:00,2019-03-03 00:00:00,2019-05-06 12:30:34,190100,Approved,1,Direct,,"Rod, round, diameter 130 mm, , material steel 52.",,,,Material for apron feeder (111-060).,,kilogram,Buyer_01,9003,Vendor_104,Immediate,Site_054,CLOSED,Valid,Valid,210,210,0,0,EGP,1,210,20,4200,4200
EMAS,2019-02-11 00:00:00,2019-03-13 00:00:00,2019-03-21 14:50:02,190095,Approved,1,Goods,3052205410,"Nozzle, 70- 55 L/min, working pressure 3 bar, dwg.no. 4.093404, material St. St. 316, supplier Lechler, for cooler Water system",Spare parts,Mechanical items,mechanical items for clinker production area (400),Nozzle,,Each,Buyer_04,9067,Vendor_011,,Site_032,CLOSED,Canceled,Canceled,0,0,0,8,EUR,20.1537,0,245.3,0,0
ASF,2019-02-11 00:00:00,2019-03-03 00:00:00,,190096,Approved,1,Goods,4090806279,"Rod, round, diameter 041 mm,recommended  length 6000 mm,  weight per meter 9.86 kg, material  steel 37",Spare parts,Workshop material,Workshop material,Steel rods for rod gate 123-RG060,,kilogram,Buyer_01,9042,Vendor_086,30 days,Site_069,OPEN,Valid,Valid,800,800,0,0,EGP,1,887.4,11.84,10506.82,10506.82
ASF,2019-02-11 00:00:00,2019-06-16 00:00:00,2019-10-15 15:16:06,190097,Approved,1,Goods,3010905586,"Seal washer, type SKF Z 009 F, labyrinth seal for cement silo flow control gate",Spare parts,Mechanical items,mechanical items for cement storage and dispatch area (600),"Seal washer, for cement silo flow control gate.",,Each,Buyer_01,9034,Vendor_064,30 days,Site_045,CLOSED,Valid,Valid,6,6,0,0,EGP,1,6,174,1044,1044
EMAS,2019-02-10 00:00:00,2019-03-07 00:00:00,2019-05-07 09:47:46,190093,Approved,1,Direct,,Front Tires size 12.00 R2o 156/150K (Pirelli brand) Code:FG85.,,,,Tires,,Each,Buyer_06,9142,Vendor_024,14 days,Site_083,CLOSED,Valid,Valid,2,2,0,0,EGP,1,2,4714.91,9429.82,9429.82
EMAS,2019-02-10 00:00:00,2019-03-07 00:00:00,2019-05-07 09:47:46,190093,Approved,2,Direct,,Rear tires size 12.00 R20 156/150K (Pirelli brand) Code:TG85,,,,Tires,,Each,Buyer_06,9142,Vendor_024,14 days,Site_083,CLOSED,Valid,Valid,8,8,0,0,EGP,1,8,4714.91,37719.28,37719.28
EMAS,2019-02-10 00:00:00,2019-03-07 00:00:00,2019-05-07 09:47:10,190094,Approved,1,Direct,,Front Tires size 12.00 R2o 156/150K (Pirelli brand) code: FG85.,,,,Complementary for PR 201800282,,Each,Buyer_06,9142,Vendor_024,14 days,Site_083,CLOSED,Valid,Valid,1,1,0,0,EGP,1,1,4714.91,4714.91,4714.91
ESCC,2019-02-10 00:00:00,2019-03-07 00:00:00,2019-05-07 09:47:10,190094,Approved,2,Direct,,Rear tires size 12.00 R20 156/150K (Pirelli brand) code: TG85.,,,,Complementary for PR 201800282,,Each,Buyer_06,9142,Vendor_024,14 days,Site_083,CLOSED,Valid,Valid,1,1,0,0,EGP,1,1,4714.91,4714.91,4714.91
EGYLUX,2019-02-05 00:00:00,2020-01-30 00:00:00,2020-09-01 10:48:36,190091,Approved,1,Goods,3082604989,"Transformer, oil immersed transformer, type MF719, 630ToRo11-2x0.725, S.N 080709-1, rated capacity 630KVA, rated voltage 11000-2x725V, connection Dyn11, rated current 33.1-2x502, 50Hz, cool type ONAN, for 531.MD152, ABB.",Strategic,Transformers,Transformers,Transformer,,Each,Buyer_04,9037,Vendor_078,,Site_061,CLOSED,Valid,Valid,1,1,0,0,EUR,20.1537,1,17500,17500,352689.75
ESCC,2019-02-05 00:00:00,2019-03-13 00:00:00,2019-07-03 12:01:11,190092,Approved,1,Goods,4092505373,"Hot splice, repair Kit nonflammable, for rubber belt conveyor type EP1000/4,8+3,TIP TOP name Magma super, width 1400 mm, with solution HL-T4, artical no.538 1683, UN 1133, designed for continous service temp. of 200 C, peaks temep. 400 C",Spare parts,Belt conveyor,Belt conveyors,Hot splice repair kit.,,Kit,Buyer_01,9062,Vendor_124,30 days,Site_071,CLOSED,Valid,Valid,3,3,0,0,EGP,1,3,18500,55500,55500
ESCC,2019-02-04 00:00:00,2019-02-27 00:00:00,2019-02-28 11:59:28,190090,Approved,1,Goods,7990109200,"Bag, for cement (El SEWEDY), 1ply 90 grm + 1ply 85 grm, capacity 50 kg",Bags (for packing),Bags (for packing),Bags (for packing),Bag for cement,,Each,Buyer_06,9028,Vendor_049,21 days,Site_043,CLOSED,Valid,Valid,2640000,2640000,0,0,EGP,1,2640000,3.212,8479680,8479680
ASF,2019-02-03 00:00:00,2019-02-03 00:00:00,2019-02-06 15:38:23,190089,Approved,1,Capex,,External hard disk 500 GB for backups and carry case,,,,,,Each,Buyer_02,9048,Vendor_047,30 days,Site_107,CLOSED,Valid,Valid,1,1,0,0,EGP,1,1,10800,10800,10800
EMAS,2019-02-03 00:00:00,2019-02-03 00:00:00,2019-02-06 15:38:23,190089,Approved,2,Capex,,"new laptop for mr. mohamed mohy (1T , core I5 , 8 RAM )",,,,,,Each,Buyer_02,9048,Vendor_047,30 days,Site_107,CLOSED,Valid,Valid,1,1,0,0,EGP,1,1,1100,1100,1100
EGYLUX,2019-01-31 00:00:00,,,190084,Rejected,1,Goods,3100511356,"Motor, geared motor, type R77-DRS90L4, replacement for SN 65.0153223901.0002, power 2.2 kw, ratio 1400/42 rpm, for Screw conveyor.",Spare parts,motors,motors,Geared motor,,Each,Buyer_06,9088,Vendor_150,Immediate,Site_107,OPEN,Valid,Valid,0,0,0,0,EGP,1,1,18512.98,18512.98,18512.98
ASF,2019-01-31 00:00:00,2019-03-03 00:00:00,2019-04-17 13:26:07,190085,Approved,1,Direct,,"Support, for piston rod, dwg.no. 2.148327, material 1.0050, for atox raw mill",,,,Support for piston rod of Atox mill.,,Each,Buyer_05,9052,Vendor_105,14 days,Site_100,CLOSED,Valid,Valid,2,2,0,0,EGP,1,2,7000,14000,14000
ESCC,2019-01-31 00:00:00,,,190086,Rejected,1,Direct,,Right angle beam clamp,,,,Burner scaffolding requirements.,,Each,Buyer_05,9029,Vendor_028,14 days,Site_060,OPEN,Valid,Valid,0,0,0,0,EGP,1,50,35.4,1770,1770
EMAS,2019-01-31 00:00:00,,,190086,Rejected,2,Direct,,Rigid clamp,,,,Burner scaffolding requirements.,,Each,Buyer_05,9029,Vendor_028,14 days,Site_060,OPEN,Valid,Valid,0,0,0,0,EGP,1,250,54.45,13612.5,13612.5
ASF,2019-01-31 00:00:00,,,190086,Rejected,3,Direct,,SWIVEL base plate,,,,Burner scaffolding requirements.,,Each,Buyer_05,9029,Vendor_028,14 days,Site_060,OPEN,Valid,Valid,0,0,0,0,EGP,1,10,263.8,2638,2638
EMAS,2019-01-31 00:00:00,,,190086,Rejected,4,Direct,,SWIVEL clamp,,,,Burner scaffolding requirements.,,Each,Buyer_05,9029,Vendor_028,14 days,Site_060,OPEN,Valid,Valid,0,0,0,0,EGP,1,120,55.1,6612,6612
ASF,2019-01-31 00:00:00,,,190086,Rejected,5,Direct,,Scaffold pipe 1.5 inch 6 m long,,,,Burner scaffolding requirements.,,Each,Buyer_05,9029,Vendor_028,14 days,Site_060,OPEN,Valid,Valid,0,0,0,0,EGP,1,50,405,20250,20250
EMAS,2019-01-31 00:00:00,,,190086,Rejected,6,Direct,,Sleeve connection 1.5 inch,,,,Burner scaffolding requirements.,,Each,Buyer_05,9029,Vendor_028,14 days,Site_060,OPEN,Valid,Valid,0,0,0,0,EGP,1,30,45.2,1356,1356
ESCC,2019-01-31 00:00:00,,,190086,Rejected,7,Direct,,Steel beam clamp,,,,Burner scaffolding requirements.,,Each,Buyer_05,9029,Vendor_028,14 days,Site_060,OPEN,Valid,Valid,0,0,0,0,EGP,1,50,108.65,5432.5,5432.5
EGYLUX,2019-01-31 00:00:00,,,190087,Rejected,1,Goods,4101110424,"Tube, plate, dwg.no. 10181058, type 2, item no. -11, D = 250 mm, T= 3mm, L= 1010 mm, material no. 1.0038, for bag filter",Spare parts,Mechanical items,mechanical items for clinker production area (400),Tube plate for bag filter.,,Each,Buyer_05,9052,Vendor_105,14 days,Site_100,OPEN,Valid,Valid,0,0,0,0,EGP,1,3,2100,6300,6300
ESCC,2019-01-31 00:00:00,2019-03-03 00:00:00,,190088,Approved,1,Goods,,"assembly and test of hydraulic cylinder  type CXHXMP5/90/50/200A11/B1HXUXD5568, Rexroth code R901080224, pos. no. 01, diagram no. HS-036-C325-3-B, dwg. no. 10008521, for cross bar cooler hydraulic drive unit.",,,,repair of hydraulic cylinder of cooler,,Each,Buyer_03,9051,Vendor_144,14 days,Site_057,OPEN,Valid,Valid,15,15,0,0,EGP,1,15,550,8250,8250
EGYLUX,2019-01-31 00:00:00,2019-03-03 00:00:00,,190088,Approved,2,Direct,,"change bearing of hydraulic cylinder  type CXHXMP5/90/50/200A11/B1HXUXD5568, Rexroth code R901080224, pos. no. 01, diagram no. HS-036-C325-3-B, dwg. no. 10008521, for cross bar cooler hydraulic drive unit.",,,,repair of hydraulic cylinder of cooler,,Each,Buyer_03,9051,Vendor_144,14 days,Site_057,OPEN,Valid,Valid,10,10,0,0,EGP,1,15,825,12375,12375
EMAS,2019-01-31 00:00:00,2019-03-03 00:00:00,,190088,Approved,3,Direct,,"change fork of hydraulic cylinder  type CXHXMP5/90/50/200A11/B1HXUXD5568, Rexroth code R901080224, pos. no. 01, diagram no. HS-036-C325-3-B, dwg. no. 10008521, for cross bar cooler hydraulic drive unit.",,,,repair of hydraulic cylinder of cooler,,Each,Buyer_03,9051,Vendor_144,14 days,Site_057,OPEN,Valid,Valid,3,3,0,0,EGP,1,15,125,1875,1875
ASF,2019-01-31 00:00:00,2019-03-03 00:00:00,,190088,Approved,4,Direct,,"change piston head of hydraulic cylinder  type CXHXMP5/90/50/200A11/B1HXUXD5568, Rexroth code R901080224, pos. no. 01, diagram no. HS-036-C325-3-B, dwg. no. 10008521, for cross bar cooler hydraulic drive unit.",,,,repair of hydraulic cylinder of cooler,,Each,Buyer_03,9051,Vendor_144,14 days,Site_057,OPEN,Valid,Valid,2,2,0,0,EGP,1,15,1540,23100,23100
ESCC,2019-01-31 00:00:00,2019-03-03 00:00:00,,190088,Approved,5,Direct,,"change rod of hydraulic cylinder  type CXHXMP5/90/50/200A11/B1HXUXD5568, Rexroth code R901080224, pos. no. 01, diagram no. HS-036-C325-3-B, dwg. no. 10008521, for cross bar cooler hydraulic drive unit.",,,,repair of hydraulic cylinder of cooler,,Each,Buyer_03,9051,Vendor_144,14 days,Site_057,OPEN,Valid,Valid,15,15,0,0,EGP,1,15,1650,24750,24750
EGYLUX,2019-01-31 00:00:00,2019-03-03 00:00:00,,190088,Approved,6,Direct,,"change tube of hydraulic cylinder  type CXHXMP5/90/50/200A11/B1HXUXD5568, Rexroth code R901080224, pos. no. 01, diagram no. HS-036-C325-3-B, dwg. no. 10008521, for cross bar cooler hydraulic drive unit.",,,,repair of hydraulic cylinder of cooler,,Each,Buyer_03,9051,Vendor_144,14 days,Site_057,OPEN,Valid,Valid,15,15,0,0,EGP,1,15,1320,19800,19800
ESCC,2019-01-30 00:00:00,2019-03-03 00:00:00,2019-04-09 13:37:43,190082,Approved,1,Goods,4090605051,"Sheet, perforated, thickness 02 mm, hole dia. 10mm, center distance between holes 13 mm, material steel 37, dwg.no. Escc.0001069, recommended width 1500mm",Spare parts,Mechanical items,Air slide,Perforated sheet.,,Square Meter,Buyer_05,9093,Vendor_088,14 days,Site_064,CLOSED,Valid,Valid,9,9,0,0,EGP,1,9,850,7650,7650
EGYLUX,2019-01-30 00:00:00,,,190083,Rejected,1,Direct,,استارتر اوسرام للمض 120 سم,,,,Electerical accessories,,Each,Buyer_06,9006,Vendor_142,14 days,Site_044,OPEN,Valid,Valid,0,0,0,0,EGP,1,20,3.25,65,65
ESCC,2019-01-30 00:00:00,,,190083,Rejected,2,Direct,,استارتر اوسرام للمض 60سم,,,,Electerical accessories,,Each,Buyer_06,9006,Vendor_142,14 days,Site_044,OPEN,Valid,Valid,0,0,0,0,EGP,1,20,3.5,70,70
EGYLUX,2019-01-30 00:00:00,,,190083,Rejected,3,Direct,,فيشه خارج الحائط بالغطاء 16 أمبير تركي,,,,Electerical accessories,,Each,Buyer_06,9006,Vendor_142,14 days,Site_044,OPEN,Valid,Valid,0,0,0,0,EGP,1,20,35,700,700
EGYLUX,2019-01-30 00:00:00,,,190083,Rejected,4,Direct,,فيشه دكر و نتايه 16 أمبير تركي,,,,Electerical accessories,,Each,Buyer_06,9006,Vendor_142,14 days,Site_044,OPEN,Valid,Valid,0,0,0,0,EGP,1,20,27,540,540
EMAS,2019-01-29 00:00:00,2019-02-03 00:00:00,2019-02-06 15:35:59,190081,Approved,1,Capex,,new hard disk external 1TB for eng.ahmed ali,,,,,,Each,Buyer_02,9092,Vendor_145,30 days,Site_051,CLOSED,Valid,Valid,1,1,0,0,EGP,1,1,1200,1200,1200
EGYLUX,2019-01-29 00:00:00,2019-02-03 00:00:00,2019-02-06 15:35:59,190081,Approved,2,Capex,,laptop maintenance ( Dell latitude E5500 )for Mr. mohamed elbehoty ),,,,,,Each,Buyer_02,9092,Vendor_145,30 days,Site_051,CLOSED,Valid,Valid,1,1,0,0,EGP,1,1,1500,1500,1500
EMAS,2019-01-28 00:00:00,2019-05-15 00:00:00,,190078,Approved,1,Direct,,"24,000 hrs overhaul, Items need to complete overhaul including ( motor bearing Qty: 1, RS ultra oil Qty: 4, chemical cleaning Qty: 2, labour Qty: 1 ) for screw comressor ""741.CP110"", type"" GA 132W-8.5, Atlas copco,serial no. S99698901",,,,"24,000 hrs, items need to complete overhaul for screw compressors.",,Each,Buyer_01,9022,Vendor_023,30 days,Site_058,OPEN,Valid,Valid,1,1,0,0,EGP,1,1,59000,59000,59000
EGYLUX,2019-01-28 00:00:00,2019-05-15 00:00:00,,190078,Approved,2,Direct,,"24,000 hrs overhaul, Items need to complete overhaul including ( motor bearing Qty: 1, RS ultra oil Qty: 4, chemical cleaning Qty: 2, labour Qty: 1 ) for screw comressor ""741.CP111"", type"" GA 132W-8.5, Atlas copco,serial no. S99698902",,,,"24,000 hrs, items need to complete overhaul for screw compressors.",,Each,Buyer_01,9022,Vendor_023,30 days,Site_058,OPEN,Valid,Valid,0,0,0,0,EGP,1,1,59000,59000,59000
ASF,2019-01-28 00:00:00,2019-05-15 00:00:00,,190078,Approved,3,Direct,,"24,000 hrs overhaul, Items need to complete overhaul including ( motor bearing Qty: 1, RS ultra oil Qty: 4, chemical cleaning Qty: 2, labour Qty: 1 ) for screw comressor ""741.CP112"", type"" GA 132W-8.5, Atlas copco,serial no. S99698903",,,,"24,000 hrs, items need to complete overhaul for screw compressors.",,Each,Buyer_01,9022,Vendor_023,30 days,Site_058,OPEN,Valid,Valid,1,1,0,0,EGP,1,1,59000,59000,59000
ASF,2019-01-28 00:00:00,2019-05-15 00:00:00,,190078,Approved,4,Direct,,"24,000 hrs overhaul, Items need to complete overhaul including ( motor bearing Qty: 1, RS ultra oil Qty: 4, chemical cleaning Qty: 2, labour Qty: 1 ) for screw comressor ""741.CP113"", type"" GA 132W-8.5, Atlas copco,serial no. S99698904",,,,"24,000 hrs, items need to complete overhaul for screw compressors.",,Each,Buyer_01,9022,Vendor_023,30 days,Site_058,OPEN,Valid,Valid,1,1,0,0,EGP,1,1,59000,59000,59000
ASF,2019-01-28 00:00:00,2019-02-21 00:00:00,2019-07-03 12:20:10,190079,Approved,1,Goods,3039911316,"Locking assembly, 340x425, type RfN 7015.0-340x425, supplier Ringfeder ( Harald V.Lassen ), PN 456680, Item no. 03.01.01.06, SPL 50030937, for limestone crusher",Spare parts,Mechanical items,mechanical items for raw materials handling area (100),locking,,Each,Buyer_04,9140,Vendor_017,,Site_040,CLOSED,Valid,Valid,2,2,0,0,EUR,20.5,2,1322,2644,54202
EGYLUX,2019-01-28 00:00:00,2019-02-06 00:00:00,2019-05-14 13:46:33,190080,Approved,1,Goods,4109911188,"Eyebolt, M33x2x210, drawing no. 7.000113, galvanized steel",Spare parts,Mechanical items,Fasteners,Fasteners.,,Each,Buyer_05,9093,Vendor_088,14 days,Site_064,CLOSED,Valid,Valid,25,25,0,0,EGP,1,25,190,4750,4750
EMAS,2019-01-28 00:00:00,2019-02-06 00:00:00,2019-05-14 13:46:33,190080,Approved,2,Goods,4100311189,"Nut, hexagon, M33x2, steel class 8, DIN 934",Spare parts,Mechanical items,Fasteners,Fasteners.,,Each,Buyer_05,9093,Vendor_088,14 days,Site_064,CLOSED,Valid,Valid,25,25,0,0,EGP,1,25,40,1000,1000
EMAS,2019-01-28 00:00:00,2019-02-06 00:00:00,2019-05-14 13:46:33,190080,Approved,3,Goods,4109911231,"Pin, clevis, 27x100, according to ISO 2341, SPL 50030937, item no. 04.01.03.04, for limestone crusher",Spare parts,Mechanical items,mechanical items for raw materials handling area (100),Fasteners.,,Each,Buyer_05,9093,Vendor_088,14 days,Site_064,CLOSED,Valid,Valid,25,25,0,0,EGP,1,25,49,1225,1225
EGYLUX,2019-01-28 00:00:00,2019-02-06 00:00:00,2019-05-14 13:46:33,190080,Approved,4,Goods,4109911232,"Pin, split, 6.3x40 mm, material steel, according to ISO 1234",Spare parts,Mechanical items,mechanical items for raw materials handling area (100),Fasteners.,,Each,Buyer_05,9093,Vendor_088,14 days,Site_064,CLOSED,Valid,Valid,50,50,0,0,EGP,1,50,3,150,150
ASF,2019-01-27 00:00:00,,,190073,Rejected,1,Direct,,حنفية غسالة,,,,Fittings for plumping & Electerical,,Each,Buyer_03,9032,Vendor_030,Immediate,Site_052,OPEN,Valid,Valid,0,0,0,0,EGP,1,10,50,500,500
ASF,2019-01-27 00:00:00,,,190073,Rejected,2,Direct,,حنفيه  بليه تركى  - نصف بوصة,,,,Fittings for plumping & Electerical,,Each,Buyer_03,9032,Vendor_030,Immediate,Site_052,OPEN,Valid,Valid,0,0,0,0,EGP,1,10,24.5,245,245
EMAS,2019-01-27 00:00:00,,,190073,Rejected,3,Direct,,سوسته 30 سم تركى  - نصف بوصة,,,,Fittings for plumping & Electerical,,Each,Buyer_03,9032,Vendor_030,Immediate,Site_052,OPEN,Valid,Valid,0,0,0,0,EGP,1,10,9,90,90
ASF,2019-01-27 00:00:00,,,190073,Rejected,4,Direct,,سوسته 40 سم تركى  - نصف بوصة,,,,Fittings for plumping & Electerical,,Each,Buyer_03,9032,Vendor_030,Immediate,Site_052,OPEN,Valid,Valid,0,0,0,0,EGP,1,10,9,90,90
ESCC,2019-01-27 00:00:00,,,190073,Rejected,5,Direct,,سوسته 50 سم تركى  - نصف بوصة,,,,Fittings for plumping & Electerical,,Each,Buyer_03,9032,Vendor_030,Immediate,Site_052,OPEN,Valid,Valid,0,0,0,0,EGP,1,10,10.75,107.5,107.5
EMAS,2019-01-27 00:00:00,,,190073,Rejected,6,Direct,,سوسته 60 سم تركى  - نصف بوصة,,,,Fittings for plumping & Electerical,,Each,Buyer_03,9032,Vendor_030,Immediate,Site_052,OPEN,Valid,Valid,0,0,0,0,EGP,1,10,10.75,107.5,107.5
ASF,2019-01-27 00:00:00,,,190073,Rejected,7,Direct,,شطاف ضغاط ايطالىة,,,,Fittings for plumping & Electerical,,Each,Buyer_03,9032,Vendor_030,Immediate,Site_052,OPEN,Valid,Valid,0,0,0,0,EGP,1,5,47,235,235
EMAS,2019-01-27 00:00:00,,,190073,Rejected,8,Direct,,محبس زاويه تركى  - نصف بوصة,,,,Fittings for plumping & Electerical,,Each,Buyer_03,9032,Vendor_030,Immediate,Site_052,OPEN,Valid,Valid,0,0,0,0,EGP,1,10,39,390,390
ESCC,2019-01-27 00:00:00,,,190073,Rejected,9,Direct,,مسمار تثبيت سخانة,,,,Fittings for plumping & Electerical,,Each,Buyer_03,9032,Vendor_030,Immediate,Site_052,OPEN,Valid,Valid,0,0,0,0,EGP,1,10,5.75,57.5,57.5
EMAS,2019-01-27 00:00:00,,,190073,Rejected,10,Direct,,مسمار تثبيت قاعدة,,,,Fittings for plumping & Electerical,,Each,Buyer_03,9032,Vendor_030,Immediate,Site_052,OPEN,Valid,Valid,0,0,0,0,EGP,1,10,5.75,57.5,57.5
EMAS,2019-01-27 00:00:00,,,190073,Rejected,11,Direct,,نبل نيكل - نصف بوصة,,,,Fittings for plumping & Electerical,,Each,Buyer_03,9032,Vendor_030,Immediate,Site_052,OPEN,Valid,Valid,0,0,0,0,EGP,1,15,3.5,52.5,52.5
EMAS,2019-01-27 00:00:00,2019-01-29 00:00:00,2019-02-06 15:34:30,190074,Approved,1,Goods,3139911360,"Condensate drain, Timer controlled, type: TD16M, Manufacturer: Omega, For aeration system of cement silo",Spare parts,Mechanical items,mechanical items for utilities area (700),Automatic drain for cement silo aeration,,Each,Buyer_03,9089,Vendor_075,30 days,Site_014,CLOSED,Valid,Valid,6,6,0,0,EGP,1,6,1750,10500,10500
EMAS,2019-01-27 00:00:00,2019-01-29 00:00:00,2019-03-03 10:26:53,190075,Approved,1,Capex,,16A,,,,,,Each,Buyer_02,9168,Vendor_148,30 days,Site_068,CLOSED,Valid,Valid,2,2,0,0,EGP,1,2,490,980,980
ESCC,2019-01-27 00:00:00,2019-01-29 00:00:00,2019-03-03 10:26:53,190075,Approved,2,Capex,,17A,,,,,,Each,Buyer_02,9168,Vendor_148,30 days,Site_068,CLOSED,Valid,Valid,3,3,0,0,EGP,1,3,500,1500,1500
EGYLUX,2019-01-27 00:00:00,2019-01-29 00:00:00,2019-03-03 10:26:53,190075,Approved,3,Capex,,19A,,,,,,Each,Buyer_02,9168,Vendor_148,30 days,Site_068,CLOSED,Valid,Valid,2,2,0,0,EGP,1,2,1520,3040,3040
EMAS,2019-01-27 00:00:00,2019-06-16 00:00:00,2019-10-30 17:19:24,190076,Approved,1,Goods,3053202011,"Kit, repair kit, for butterfly valve, DN 300, PN 16, ps 10 bar, EPDM-017, supplier InterApp, pos. 4A, code 611113Z, for butterfly valve, for packing area",Spare parts,Mechanical items,mechanical items for cement storage and dispatch area (600),Misc S-P,,Each,Buyer_04,9030,Vendor_007,,Site_025,CLOSED,Valid,Valid,4,4,0,0,EUR,20.5,4,320.15,1280.6,26252.3
EMAS,2019-01-27 00:00:00,2019-06-16 00:00:00,2019-10-30 17:19:24,190076,Approved,2,Goods,3059909600,"rubber, ring, code 563683d, pos no.19, for bag holder, for packing machine.",Spare parts,Mechanical items,mechanical items for clinker production area (400),Misc S-P,,Each,Buyer_04,9030,Vendor_007,,Site_025,CLOSED,Valid,Valid,8,8,0,0,EUR,20.5,8,30.115,240.92,4938.86
ASF,2019-01-27 00:00:00,2019-06-16 00:00:00,2019-10-30 17:19:24,190076,Approved,3,Goods,3059911028,"bronze filter,  code 730585D, for feeding hopper, of packing machine",Spare parts,Mechanical items,mechanical items for cement storage and dispatch area (600),Misc S-P,,Each,Buyer_04,9030,Vendor_007,,Site_025,CLOSED,Valid,Valid,12,12,0,0,EUR,20.5,12,11.875,142.5,2921.25
EMAS,2019-01-27 00:00:00,2019-06-16 00:00:00,2019-10-30 17:19:24,190076,Approved,4,Goods,3059911028,"bronze filter,  code 730585D, for feeding hopper, of packing machine",Spare parts,Mechanical items,mechanical items for cement storage and dispatch area (600),Misc S-P,,Each,Buyer_04,9030,Vendor_007,,Site_025,CLOSED,Valid,Valid,3,3,0,0,EUR,20.5,3,11.875,35.63,730.31
ASF,2019-01-27 00:00:00,2019-05-15 00:00:00,2019-07-03 12:09:03,190077,Approved,1,Direct,, Compressor model   HITACHI 2.25 HP,,,,Spare parts for air conditioners,,Each,Buyer_03,9090,Vendor_077,14 days,Site_073,CLOSED,Valid,Valid,1,1,0,0,EGP,1,1,1750,1750,1750
EGYLUX,2019-01-27 00:00:00,2019-05-15 00:00:00,2019-07-03 12:09:03,190077,Approved,2,Direct,, Compressor model  2LS438D3FDO2,,,,Spare parts for air conditioners,,Each,Buyer_03,9090,Vendor_077,14 days,Site_073,CLOSED,Valid,Valid,1,1,0,0,EGP,1,1,2290,2290,2290
ESCC,2019-01-27 00:00:00,2019-05-15 00:00:00,2019-07-03 12:09:03,190077,Approved,3,Direct,,Capacitor 50 (Totaline,,,,Spare parts for air conditioners,,Each,Buyer_03,9090,Vendor_077,14 days,Site_073,CLOSED,Valid,Valid,10,10,0,0,EGP,1,10,65,650,650
ESCC,2019-01-27 00:00:00,2019-05-15 00:00:00,2019-07-03 12:09:03,190077,Approved,4,Direct,,Capacitor 55 (Totaline,,,,Spare parts for air conditioners,,Each,Buyer_03,9090,Vendor_077,14 days,Site_073,CLOSED,Valid,Valid,10,10,0,0,EGP,1,10,65,650,650
EGYLUX,2019-01-27 00:00:00,2019-05-15 00:00:00,2019-07-03 12:09:03,190077,Approved,5,Direct,,Capacitor 60 (Totaline),,,,Spare parts for air conditioners,,Each,Buyer_03,9090,Vendor_077,14 days,Site_073,CLOSED,Valid,Valid,5,5,0,0,EGP,1,5,70,350,350
ESCC,2019-01-27 00:00:00,2019-05-15 00:00:00,2019-07-03 12:09:03,190077,Approved,6,Direct,,Compressor model    PH44OG2CS_4KUS1,,,,Spare parts for air conditioners,,Each,Buyer_03,9090,Vendor_077,14 days,Site_073,CLOSED,Valid,Valid,1,1,0,0,EGP,1,1,2300,2300,2300
EGYLUX,2019-01-27 00:00:00,2019-05-15 00:00:00,2019-07-03 12:09:03,190077,Approved,7,Direct,,Compressor model    QJ33OPAA,,,,Spare parts for air conditioners,,Each,Buyer_03,9090,Vendor_077,14 days,Site_073,CLOSED,Valid,Valid,1,1,0,0,EGP,1,1,1775,1775,1775
EGYLUX,2019-01-27 00:00:00,2019-05-15 00:00:00,2019-07-03 12:09:03,190077,Approved,8,Direct,,Compressor model Ph421x3cs_4mu3,,,,Spare parts for air conditioners,,Each,Buyer_03,9090,Vendor_077,14 days,Site_073,CLOSED,Valid,Valid,1,1,0,0,EGP,1,1,2300,2300,2300
EGYLUX,2019-01-27 00:00:00,2019-05-15 00:00:00,2019-07-03 12:09:03,190077,Approved,9,Direct,,"Cylinder, Ferion, Indian",,,,Spare parts for air conditioners,,Each,Buyer_03,9090,Vendor_077,14 days,Site_073,CLOSED,Valid,Valid,2,2,0,0,EGP,1,2,885,1770,1770
ESCC,2019-01-27 00:00:00,2019-05-15 00:00:00,2019-07-03 12:09:03,190077,Approved,10,Direct,,Digital clamp meter (Kew Snap 2007 A ? KYORITSU).,,,,Spare parts for air conditioners,,Each,Buyer_03,9090,Vendor_077,14 days,Site_073,CLOSED,Valid,Valid,1,1,0,0,EGP,1,1,480,480,480
ASF,2019-01-27 00:00:00,2019-05-15 00:00:00,2019-07-03 12:09:03,190077,Approved,11,Direct,,compressor 38QH8T24-708,,,,Spare parts for air conditioners,,Each,Buyer_03,9090,Vendor_077,14 days,Site_073,CLOSED,Valid,Valid,1,1,0,0,EGP,1,1,2450,2450,2450
EGYLUX,2019-01-27 00:00:00,2019-05-15 00:00:00,2019-07-03 12:09:03,190077,Approved,12,Direct,,contactor (Totaline),,,,Spare parts for air conditioners,,Each,Buyer_03,9090,Vendor_077,14 days,Site_073,CLOSED,Valid,Valid,30,30,0,0,EGP,1,30,80,2400,2400
EMAS,2019-01-23 00:00:00,,,190068,Rejected,1,Goods,3049909775,"Valve, flapper valve assembly, dwg.no. 116-76-3-2587-01, item no. 01.01.03.09, PN 26718, SPL 50062145, for fuller pump 300 M, for coal mill",Spare parts,Mechanical items,mechanical items for clinker production area (400),Flapper valve for FK pump,,Each,Buyer_05,9141,Vendor_060,14 days,Site_099,OPEN,Valid,Valid,0,0,0,0,EGP,1,1,3300,3300,3300
ESCC,2019-01-23 00:00:00,,,190069,Rejected,1,Direct,,Repairing the broken firefighting Polyethylene pipe PE 100 - PN 16 - OD 200 mm,,,,ٌRepair broken firefighting polyethylene pipe,,Set,Buyer_05,9004,Vendor_159,14 days,Site_106,OPEN,Valid,Valid,0,0,0,0,EGP,1,1,7000,7000,7000
EGYLUX,2019-01-23 00:00:00,,,190070,Rejected,1,Direct,,"Welding machine for Poly Propylene pipe 1 , 2 inch.",,,,Welding machine for polypropylene pipe.,,Each,Buyer_05,9121,Vendor_109,14 days,Site_101,OPEN,Valid,Valid,0,0,0,0,EGP,1,1,780,780,780
EGYLUX,2019-01-23 00:00:00,2019-01-27 00:00:00,2019-02-17 10:49:39,190071,Approved,1,Capex,,05A,,,,,,Each,Buyer_02,9136,Vendor_156,30 days,Site_012,CLOSED,Valid,Valid,8,8,0,0,EGP,1,8,135,1080,1080
EMAS,2019-01-23 00:00:00,2019-01-27 00:00:00,2019-02-17 10:49:39,190071,Approved,2,Capex,,35A,,,,,,Each,Buyer_02,9136,Vendor_156,30 days,Site_012,CLOSED,Valid,Valid,5,5,0,0,EGP,1,5,135,675,675
ASF,2019-01-23 00:00:00,2019-01-27 00:00:00,2019-02-17 10:49:39,190071,Approved,3,Capex,,64A,,,,,,Each,Buyer_02,9136,Vendor_156,30 days,Site_012,CLOSED,Valid,Valid,3,3,0,0,EGP,1,3,500,1500,1500
ASF,2019-01-23 00:00:00,2019-01-27 00:00:00,2019-02-17 10:49:39,190071,Approved,4,Capex,,78A,,,,,,Each,Buyer_02,9136,Vendor_156,30 days,Site_012,CLOSED,Valid,Valid,4,4,0,0,EGP,1,4,135,540,540
ASF,2019-01-23 00:00:00,2019-01-27 00:00:00,2019-02-17 10:49:39,190071,Approved,5,Capex,,canon 737,,,,,,Each,Buyer_02,9136,Vendor_156,30 days,Site_012,CLOSED,Valid,Valid,2,2,0,0,EGP,1,2,245,490,490
EGYLUX,2019-01-22 00:00:00,2019-03-03 00:00:00,2020-02-06 14:53:50,190063,Approved,1,Goods,4040402115,"Sleeve, wear, dwg. No.  3.119421, MATERIAL No.: 1.0570, for tensioning rod assembly",Spare parts,Mechanical items,mechanical items for raw meal production area (300),Wear sleeve  for tensioning rod assembly.,,Each,Buyer_05,9012,Vendor_063,14 days,Site_047,CLOSED,Valid,Valid,2,2,0,0,EGP,1,2,9700,19400,19400
EGYLUX,2019-01-22 00:00:00,2019-02-06 00:00:00,,190064,Approved,1,Goods,4090605579,"Plate, thickness 10 mm (6/4 mm), material chromium carbide brand triten T200X or Vautid 100 P, weight/m2= 80 kg, recommended sheet dimensions 1.5mX3m.",Spare parts,Workshop material,Workshop material,Sheet for overhaul.,,Kilogram,Buyer_01,9016,Vendor_103,14 days,Site_030,OPEN,Valid,Valid,3350,3350,0,0,EGP,1,3600,70,252000,252000
EGYLUX,2019-01-22 00:00:00,2019-03-03 00:00:00,2019-05-15 12:12:39,190065,Approved,1,Goods,4990709706,"Loctite, type 401, Super Glue,  for strong binds between a wide range of porous and non porous materials",Spare parts,Mechanical items,Mechanical Miscellaneous,Loctite.,,Each,Buyer_05,9081,Vendor_132,14 days,Site_048,CLOSED,Valid,Valid,5,5,0,0,EGP,1,5,26.64,133.2,133.2
ESCC,2019-01-22 00:00:00,2019-03-03 00:00:00,2019-05-27 11:40:09,190066,Approved,1,Goods,4990705141,"Loctite, type 518, for gasketing and sealing",Spare parts,Mechanical items,Mechanical Miscellaneous,Loctite.,,Each,Buyer_05,9081,Vendor_132,14 days,Site_048,CLOSED,Valid,Valid,5,5,0,0,EGP,1,5,106.48,532.4,532.4
EMAS,2019-01-22 00:00:00,2019-03-03 00:00:00,2019-05-27 11:40:09,190066,Approved,2,Goods,4990705479,"Loctite, type 243, for thread locking",Spare parts,Mechanical items,Mechanical Miscellaneous,Loctite.,,Each,Buyer_05,9081,Vendor_132,14 days,Site_048,CLOSED,Valid,Valid,5,5,0,0,EGP,1,5,66.6,333,333
EGYLUX,2019-01-22 00:00:00,2019-03-03 00:00:00,2019-05-27 11:40:09,190066,Approved,3,Goods,4990705973,"Loctite, type 406, with primer 7239, for bonding of plastics and rubbers",Spare parts,Mechanical items,Mechanical Miscellaneous,Loctite.,,Each,Buyer_05,9081,Vendor_132,14 days,Site_048,CLOSED,Valid,Valid,5,5,0,0,EGP,1,5,26.64,133.2,133.2
EMAS,2019-01-22 00:00:00,2019-03-03 00:00:00,2019-05-27 11:40:09,190066,Approved,4,Goods,4990708352,"Loctite, type 5910, for gasketing and sealing",Spare parts,Mechanical items,Mechanical Miscellaneous,Loctite.,,Each,Buyer_05,9081,Vendor_132,14 days,Site_048,CLOSED,Valid,Valid,5,5,0,0,EGP,1,5,106.48,532.4,532.4
EMAS,2019-01-22 00:00:00,2019-02-21 00:00:00,2019-05-14 13:28:56,190067,Approved,1,Goods,3030510861,"Hub, for chain wheel, dwg.no 1.136878, PN  882124, SPL 50030392, Item no. 04.01.01.04, for clay apron feeder",Spare parts,Mechanical items,mechanical items for raw materials handling area (100),Spare parts for clay apron feeder.,,Each,Buyer_05,9012,Vendor_063,14 days,Site_047,CLOSED,Valid,Valid,2,2,0,0,EGP,1,2,12350,24700,24700
ASF,2019-01-22 00:00:00,2019-02-21 00:00:00,2019-05-14 13:28:56,190067,Approved,2,Goods,3030510862,"Seal flange, for chain wheel, dwg.no 3.134783, PN  899426, SPL 50030392, Item no. 04.01.01.05, for clay apron feeder",Spare parts,Mechanical items,mechanical items for clinker production area (400),Spare parts for clay apron feeder.,,Each,Buyer_05,9012,Vendor_063,14 days,Site_047,CLOSED,Valid,Valid,4,4,0,0,EGP,1,4,684,2736,2736
ESCC,2019-01-22 00:00:00,2019-02-21 00:00:00,2019-05-14 13:28:56,190067,Approved,3,Goods,3030510863,"Bushing, for chain wheel, dwg.no 3.134784, PN  899427, SPL 50030392, Item no. 04.01.01.06, for clay apron feeder",Spare parts,Mechanical items,mechanical items for clinker production area (400),Spare parts for clay apron feeder.,,Each,Buyer_05,9012,Vendor_063,14 days,Site_047,CLOSED,Valid,Valid,2,2,0,0,EGP,1,2,1358,2716,2716
EGYLUX,2019-01-22 00:00:00,2019-02-21 00:00:00,2019-05-14 13:28:56,190067,Approved,4,Goods,3030510864,"Ring, distance ring, for chain wheel, dwg.no 3.134785, PN  899428, SPL 50030392, Item no. 04.01.01.07, for clay apron feeder",Spare parts,Mechanical items,mechanical items for clinker production area (400),Spare parts for clay apron feeder.,,Each,Buyer_05,9012,Vendor_063,14 days,Site_047,CLOSED,Valid,Valid,2,2,0,0,EGP,1,2,408,816,816
ASF,2019-01-21 00:00:00,2019-08-22 00:00:00,,190058,Approved,1,Direct,,"Blades set for utility knife, SPAIN",,,,Electrical tools,,Each,Buyer_06,9130,Vendor_100,Immediate,Site_044,OPEN,Valid,Valid,0,0,0,0,EGP,1,3,20,60,60
ASF,2019-01-21 00:00:00,2019-08-22 00:00:00,,190058,Approved,2,Direct,,"Insulated pliers 6 inch, TAIWAN",,,,Electrical tools,,Each,Buyer_06,9130,Vendor_100,Immediate,Site_044,OPEN,Valid,Valid,0,0,0,0,EGP,1,10,180,1800,1800
EGYLUX,2019-01-21 00:00:00,2019-08-22 00:00:00,,190058,Approved,3,Direct,,"Slip Joint Pliers, TAIWAN",,,,Electrical tools,,Each,Buyer_06,9130,Vendor_100,Immediate,Site_044,OPEN,Valid,Valid,0,0,0,0,EGP,1,5,185,925,925
EMAS,2019-01-21 00:00:00,2019-08-22 00:00:00,,190058,Approved,4,Direct,,"Smooth, flat extra long nose pliers, TAIWAN",,,,Electrical tools,,Each,Buyer_06,9130,Vendor_100,Immediate,Site_044,OPEN,Valid,Valid,0,0,0,0,EGP,1,4,220,880,880
ASF,2019-01-21 00:00:00,2019-08-22 00:00:00,,190058,Approved,5,Direct,,"Solding iron with steel tips, 100 watt, got JAPAN",,,,Electrical tools,,Each,Buyer_06,9130,Vendor_100,Immediate,Site_044,OPEN,Valid,Valid,0,0,0,0,EGP,1,1,240,240,240
EMAS,2019-01-21 00:00:00,2019-08-22 00:00:00,,190058,Approved,6,Direct,,"complete set of Insulated Screw drivers, TAIWAN",,,,Electrical tools,,Each,Buyer_06,9130,Vendor_100,Immediate,Site_044,OPEN,Valid,Valid,0,0,0,0,EGP,1,15,320,4800,4800
ESCC,2019-01-21 00:00:00,2019-08-22 00:00:00,,190058,Approved,7,Direct,,"insulated Terminal pliers mm1.5-6mm, TAIWAN",,,,Electrical tools,,Each,Buyer_06,9130,Vendor_100,Immediate,Site_044,OPEN,Valid,Valid,0,0,0,0,EGP,1,6,210,1260,1260
EMAS,2019-01-21 00:00:00,2019-08-22 00:00:00,,190058,Approved,8,Direct,,"set of insulated Terminals screw driver, TAIWAN",,,,Electrical tools,,Each,Buyer_06,9130,Vendor_100,Immediate,Site_044,OPEN,Valid,Valid,0,0,0,0,EGP,1,20,60,1200,1200
ESCC,2019-01-21 00:00:00,2019-08-22 00:00:00,,190058,Approved,9,Direct,,"utility knife, SPAIN",,,,Electrical tools,,Each,Buyer_06,9130,Vendor_100,Immediate,Site_044,OPEN,Valid,Valid,0,0,0,0,EGP,1,7,65,455,455
EMAS,2019-01-21 00:00:00,,,190059,Rejected,1,Direct,,AVOMETER  sanwa a800,,,,Electrical tools,,Each,Buyer_06,9070,Vendor_051,Immediate,Site_106,OPEN,Valid,Valid,0,0,0,0,EGP,1,7,575,4025,4025
ASF,2019-01-21 00:00:00,,,190059,Rejected,2,Direct,,Avometer 1000 V sanwa,,,,Electrical tools,,Each,Buyer_06,9070,Vendor_051,Immediate,Site_106,OPEN,Valid,Valid,0,0,0,0,EGP,1,2,1550,3100,3100
ASF,2019-01-21 00:00:00,,,190059,Rejected,3,Direct,,"Clamp Amper, kernow",,,,Electrical tools,,Each,Buyer_06,9070,Vendor_051,Immediate,Site_106,OPEN,Valid,Valid,0,0,0,0,EGP,1,6,825,4950,4950
ESCC,2019-01-21 00:00:00,,,190059,Rejected,4,Direct,,Claucki cable cuttr 300 mm2,,,,Electrical tools,,Each,Buyer_06,9070,Vendor_051,Immediate,Site_106,OPEN,Valid,Valid,0,0,0,0,EGP,1,2,3500,7000,7000
EGYLUX,2019-01-21 00:00:00,,,190059,Rejected,5,Direct,,Digital meger 1000,,,,Electrical tools,,Each,Buyer_06,9070,Vendor_051,Immediate,Site_106,OPEN,Valid,Valid,0,0,0,0,EGP,1,1,4750,4750,4750
ESCC,2019-01-21 00:00:00,,,190059,Rejected,6,Direct,,Soldering tin wire with antioxidant 0.25KG,,,,Electrical tools,,Each,Buyer_06,9070,Vendor_051,Immediate,Site_106,OPEN,Valid,Valid,0,0,0,0,EGP,1,5,250,1250,1250
ESCC,2019-01-21 00:00:00,,,190059,Rejected,7,Direct,,"Solding iron with steel tips, 40 watt, got japan",,,,Electrical tools,,Each,Buyer_06,9070,Vendor_051,Immediate,Site_106,OPEN,Valid,Valid,0,0,0,0,EGP,1,5,210,1050,1050
EMAS,2019-01-21 00:00:00,,,190059,Rejected,8,Direct,,analouge meger 1000,,,,Electrical tools,,Each,Buyer_06,9070,Vendor_051,Immediate,Site_106,OPEN,Valid,Valid,0,0,0,0,EGP,1,1,4500,4500,4500
EMAS,2019-01-21 00:00:00,,,190060,Rejected,1,Direct,,Air Blower  boosh,,,,Electrical tools,,Each,Buyer_06,9001,Vendor_087,14 days,Site_072,OPEN,Valid,Valid,0,0,0,0,EGP,1,5,1650,8250,8250
ESCC,2019-01-21 00:00:00,,,190060,Rejected,2,Direct,,Drill with battery 14.2 V  BOSCH GSR140 complete with accessories,,,,Electrical tools,,Each,Buyer_06,9001,Vendor_087,14 days,Site_072,OPEN,Valid,Valid,0,0,0,0,EGP,1,4,2350,9400,9400
ASF,2019-01-21 00:00:00,,,190061,Rejected,1,Goods,4070208600,"Element, bronze filter element  PN 481752, according to FLS part list no. 50031372, pos. no. 05.03.02.01, for air filter DN100, for cement silo",Spare parts,Mechanical items,mechanical items for cement storage and dispatch area (600),,,Each,Buyer_04,9057,Vendor_006,,Site_022,OPEN,Valid,Valid,0,0,0,0,EUR,20.5,6,438.44,2630.64,53928.12
EMAS,2019-01-21 00:00:00,2019-02-06 00:00:00,2019-06-19 16:26:09,190062,Approved,1,Goods,4100310458,"Bolt, L = 620 mm, M80X4, dwg.no. 3.119294, material 1.0050, for gear rim spring",Spare parts,Mechanical items,mechanical items for clinker production area (400),Bolt for gear rim spring.,,Each,Buyer_05,9107,Vendor_157,14 days,Site_081,CLOSED,Valid,Valid,2,2,0,0,EGP,1,2,2500,5000,5000
EGYLUX,2019-01-20 00:00:00,2019-03-03 00:00:00,2019-07-24 17:00:11,190054,Approved,1,Goods,3051110471,"Connector, male stud connector type GE20SREDOMDCF, supplier Parker, for hydraulic cylinders for cooler 441.MD140",Spare parts,Mechanical items,mechanical items for clinker production area (400),Connector,,Each,Buyer_03,9099,Vendor_112,14 days,Site_080,CLOSED,Valid,Valid,35,35,0,0,EGP,1,35,114,3990,3990
EMAS,2019-01-20 00:00:00,2019-06-16 00:00:00,2019-07-24 12:31:46,190055,Approved,1,Goods,4070202139,"Element, filter, type parker PI3130 SMX10, assembly no. 570F, Pos. 33, for return line to tank, supplier Parker, for pump station HY110, for atox raw mill 45",Spare parts,Mechanical items,mechanical items for raw meal production area (300),"Element, filter",,Each,Buyer_03,9126,Vendor_062,14 days,Site_005,CLOSED,Valid,Valid,2,2,0,0,EGP,1,2,1600,3200,3200
EMAS,2019-01-20 00:00:00,,,190056,Rejected,1,Direct,,"Axial cooling air fan, up to 5 (cubic M/ sec), and up to 90 CM diameter, with complete base fram (hight not more than 80 cm), with EUROPEAN motor  380 V, 50 Hz, code: PBT/4-630.",,,,Axial cooling fan,,Each,Buyer_06,9072,Vendor_053,14 days,Site_051,OPEN,Valid,Valid,0,0,0,0,EGP,1,10,8000,80000,80000
EGYLUX,2019-01-20 00:00:00,2019-02-06 00:00:00,2019-03-12 14:20:55,190057,Approved,1,Goods,4100102187,"Screw, hexagon head, M20X225, steel grade 8.8, DIN 931, for lamella of crusher apron feeder",Spare parts,Mechanical items,Fasteners,Screw for lamella.,,Each,Buyer_05,9108,Vendor_072,14 days,Site_093,CLOSED,Canceled,Canceled,0,0,0,150,EGP,1,0,45,0,0
ESCC,2019-01-19 00:00:00,2019-01-23 00:00:00,2019-10-01 14:38:27,190053,Approved,1,Goods,4010101651,"Brick, type B622, Magnesite spenal ,sintred spinel,Mgo=85%,Al2O3=9-12%,Fe2O3=0.5%,For lower and upper transition zoon ( VDZ shape )",Refractory,Refractory,Refractory,Bricks,,Each,Buyer_04,9060,Vendor_015,,Site_033,CLOSED,Valid,Valid,16500,16500,0,0,EUR,20.5,16500,13.01,214665,4400632.5
EGYLUX,2019-01-19 00:00:00,2019-01-23 00:00:00,2019-10-01 14:38:27,190053,Approved,2,Goods,4010101652,"Brick, type B322, Magnesite spenal ,sintred spinel,Mgo=85%,Al2O3=9-12%,Fe2O3=0.5%,For lower and upper transition zoon ( VDZ shape )",Refractory,Refractory,Refractory,Bricks,,Each,Buyer_04,9060,Vendor_015,,Site_033,CLOSED,Valid,Valid,5500,5500,0,0,EUR,20.5,5500,13.01,71555,1466877.5
ESCC,2019-01-19 00:00:00,2019-01-23 00:00:00,2019-10-01 14:38:27,190053,Approved,3,Goods,4010101653,"Brick, type BP22, Magnesite spenal ,sintred spinel,Mgo=85%,Al2O3=9-12%,Fe2O3=0.5%,For lower and upper transition zoon",Refractory,Refractory,Refractory,Bricks,,Each,Buyer_04,9060,Vendor_015,,Site_033,CLOSED,Valid,Valid,200,200,0,0,EUR,20.5,200,11.19,2238,45879
ESCC,2019-01-19 00:00:00,2019-01-23 00:00:00,2019-10-01 14:38:27,190053,Approved,4,Goods,4010101654,"Brick, type BP+22, Magnesite spenal brick,sintred spinel,Mgo=85%,Al2O3=9-12%,Fe2O3=0.5%,For lower and upper transition zoon",Refractory,Refractory,Refractory,Bricks,,Each,Buyer_04,9060,Vendor_015,,Site_033,CLOSED,Valid,Valid,350,350,0,0,EUR,20.5,350,14.42,5047,103463.5
ESCC,2019-01-19 00:00:00,2019-01-23 00:00:00,2019-10-01 14:38:27,190053,Approved,5,Goods,4010101659,"Brick, type B622L300, Magnesite spenal ,sintred spinel,Mgo=85%,Al2O3=9-12%,Fe2O3=0.5%,For lower and upper transition zoon",Refractory,Refractory,Refractory,Bricks,,Each,Buyer_04,9060,Vendor_015,,Site_033,CLOSED,Valid,Valid,469,469,0,0,EUR,20.5,469,19.71,9243.99,189501.8
EGYLUX,2019-01-19 00:00:00,2019-01-23 00:00:00,2019-10-01 14:38:27,190053,Approved,6,Goods,4010101660,"Brick, type B322L300, Magnesite spenal ,sintred spinel,Mgo=85%,Al2O3=9-12%,Fe2O3=0.5%,For lower and upper transition zoon",Refractory,Refractory,Refractory,Bricks,,Each,Buyer_04,9060,Vendor_015,,Site_033,CLOSED,Valid,Valid,134,134,0,0,EUR,20.5,134,19.71,2641.14,54143.37
ESCC,2019-01-19 00:00:00,2019-01-23 00:00:00,2019-10-01 14:38:27,190053,Approved,7,Goods,4010101661,"Brick, type BP22L300, Magnesite spenal ,sintred spinel,Mgo=85%,Al2O3=9-12%,Fe2O3=0.5%,For lower and upper transition zoon",Refractory,Refractory,Refractory,Bricks,,Each,Buyer_04,9060,Vendor_015,,Site_033,CLOSED,Valid,Valid,10,10,0,0,EUR,20.5,10,16.95,169.5,3474.75
ASF,2019-01-19 00:00:00,2019-01-23 00:00:00,2019-10-01 14:38:27,190053,Approved,8,Goods,4010101662,"Brick, type BP+22L300, Magnesite spenal brick,sintred spinel,Mgo=85%,Al2O3=9-12%,Fe2O3=0.5%,For lower and upper transition zoon",Refractory,Refractory,Refractory,Bricks,,Each,Buyer_04,9060,Vendor_015,,Site_033,CLOSED,Valid,Valid,10,10,0,0,EUR,20.5,10,21.85,218.5,4479.25
EGYLUX,2019-01-17 00:00:00,2019-08-06 00:00:00,2019-08-29 11:48:31,190042,Approved,1,Goods,5060204121,"Helmet""PELTOR"", colour white, Model G3000 UVICATOR, according to EN 397.",Safety,Safety,Safety,Helmets,,Each,Buyer_06,9024,Vendor_169,21 days,Site_059,CLOSED,Valid,Valid,30,30,0,0,EGP,1,30,220,6600,6600
ASF,2019-01-17 00:00:00,2019-02-06 00:00:00,2019-03-04 11:05:38,190043,Approved,1,Goods,3021405369,"Bearing unit, SY 55 TF, consists of housing  SY 511 U/VA228 and bearing  YAR 211-2FW/VA228",Spare parts,Bearings,Bearings,Bearing PR.,,Each,Buyer_01,9079,Vendor_111,30 days,Site_046,CLOSED,Valid,Valid,3,3,0,0,EGP,1,3,3405,10215,10215
ESCC,2019-01-17 00:00:00,2019-02-06 00:00:00,2019-04-07 12:58:55,190044,Approved,1,Goods,3051401079,"Idler, rubber disc type PSV/1, 20F14, 133 NL, 958, supplier Rulmeca.",Spare parts,Belt conveyor,Belt conveyors,Idlers for rubber belt.,,Each,Buyer_05,9061,Vendor_158,14 days,Site_081,CLOSED,Valid,Valid,50,50,0,0,EGP,1,50,690,34500,34500
EMAS,2019-01-17 00:00:00,2019-02-06 00:00:00,2019-04-14 11:12:13,190045,Approved,1,Goods,3052801023,"Ring, locating, FRB 9/90",Spare parts,Bearings,Bearings,Bearing PR.,,Each,Buyer_01,9034,Vendor_064,30 days,Site_045,CLOSED,Valid,Valid,2,2,0,0,EGP,1,2,47.24,94.48,94.48
ESCC,2019-01-17 00:00:00,2019-02-06 00:00:00,2019-04-14 11:12:13,190045,Approved,2,Goods,3010901037,"Seal, for bearing housing, TSN 516 G",Spare parts,Bearings,Bearings,Bearing PR.,,Each,Buyer_01,9034,Vendor_064,30 days,Site_045,CLOSED,Valid,Valid,4,4,0,0,EGP,1,4,202.43,809.72,809.72
ASF,2019-01-17 00:00:00,2019-02-06 00:00:00,2019-04-14 11:12:13,190045,Approved,3,Goods,3010901039,"Seal, for bearing housing, TSN 518 A",Spare parts,Bearings,Bearings,Bearing PR.,,Each,Buyer_01,9034,Vendor_064,30 days,Site_045,CLOSED,Valid,Valid,4,4,0,0,EGP,1,4,346.01,1384.04,1384.04
ASF,2019-01-17 00:00:00,2019-02-06 00:00:00,2019-04-14 11:12:13,190045,Approved,4,Goods,3020408409,"Bearing, 6201-2RS",Spare parts,Bearings,Bearings,Bearing PR.,,Each,Buyer_01,9034,Vendor_064,30 days,Site_045,CLOSED,Valid,Valid,10,10,0,0,EGP,1,10,30,300,300
EGYLUX,2019-01-17 00:00:00,2019-02-06 00:00:00,2019-04-14 11:12:13,190045,Approved,5,Goods,3020408410,"Bearing, 6203-2RS",Spare parts,Bearings,Bearings,Bearing PR.,,Each,Buyer_01,9034,Vendor_064,30 days,Site_045,CLOSED,Valid,Valid,6,6,0,0,EGP,1,6,40,240,240
EMAS,2019-01-17 00:00:00,2019-06-16 00:00:00,2019-12-23 12:17:17,190046,Approved,1,Goods,3051403990,"Idler, cylinder dimensions 89x1100 mm, shaft dimensions 20x1168 mm, ch. 14 mm, according to Escc dwg. No. 0001938, for dosax weight feeder, for raw mill feed and cement mill feed area",Spare parts,Belt conveyor,Belt conveyors,Idlers for rubber belt.,,Each,Buyer_05,9034,Vendor_064,14 days,Site_045,CLOSED,Valid,Valid,10,10,0,0,EGP,1,10,565,5650,5650
EGYLUX,2019-01-17 00:00:00,2019-02-06 00:00:00,2019-03-04 15:13:32,190047,Approved,1,Goods,3053200959,"Sleeve, adapter, H310",Spare parts,Bearings,Bearings,Bearing PR.,,Each,Buyer_01,9036,Vendor_084,Immediate,Site_061,CLOSED,Valid,Valid,2,2,0,0,EGP,1,2,200,400,400
ASF,2019-01-17 00:00:00,2019-02-06 00:00:00,2019-03-04 15:13:32,190047,Approved,2,Goods,3020900778,"Bearing, 22210 EK/C3",Spare parts,Bearings,Bearings,Bearing PR.,,Each,Buyer_01,9036,Vendor_084,Immediate,Site_061,CLOSED,Valid,Valid,2,2,0,0,EGP,1,2,625,1250,1250
ESCC,2019-01-17 00:00:00,2019-02-06 00:00:00,2019-03-04 15:13:32,190047,Approved,3,Goods,3020900786,"Bearing, 22216 EK",Spare parts,Bearings,Bearings,Bearing PR.,,Each,Buyer_01,9036,Vendor_084,Immediate,Site_061,CLOSED,Valid,Valid,6,6,0,0,EGP,1,6,1325,7950,7950
EMAS,2019-01-17 00:00:00,2019-02-06 00:00:00,2019-03-04 15:13:32,190047,Approved,4,Goods,3020411339,"Bearing, 6206 2Z C3",Spare parts,Bearings,Bearings,Bearing PR.,,Each,Buyer_01,9036,Vendor_084,Immediate,Site_061,CLOSED,Valid,Valid,6,6,0,0,EGP,1,6,60,360,360
ESCC,2019-01-17 00:00:00,2019-02-06 00:00:00,2019-04-14 11:16:56,190048,Approved,1,Goods,3020306228,"Bearing, NU 208 EC-C3",Spare parts,Bearings,Bearings,Bearing PR.,,Each,Buyer_01,9034,Vendor_064,30 days,Site_045,CLOSED,Valid,Valid,2,2,0,0,EGP,1,2,420,840,840
ESCC,2019-01-17 00:00:00,2019-02-06 00:00:00,2019-03-04 15:14:46,190049,Approved,1,Goods,3020909894,"Bearing, 22217 EK",Spare parts,Bearings,Bearings,Bearing PR.,,Each,Buyer_01,9036,Vendor_084,30 days,Site_061,CLOSED,Valid,Valid,2,2,0,0,EGP,1,2,1550,3100,3100
EMAS,2019-01-17 00:00:00,2019-02-06 00:00:00,2019-03-04 11:05:38,190050,Approved,1,Goods,3010910109,"Seal, for bearing housing, TSN 517 L",Spare parts,Bearings,Bearings,Bearing PR.,,Each,Buyer_01,9079,Vendor_111,30 days,Site_046,CLOSED,Valid,Valid,4,4,0,0,EGP,1,4,220,880,880
EGYLUX,2019-01-17 00:00:00,2019-02-06 00:00:00,2019-03-04 11:05:38,190051,Approved,1,Goods,3010901033,"Seal, for bearing housing, TSN 511 ND",Spare parts,Bearings,Bearings,Bearing PR.,,Each,Buyer_01,9079,Vendor_111,30 days,Site_046,CLOSED,Valid,Valid,4,4,0,0,EGP,1,4,160,640,640
ESCC,2019-01-17 00:00:00,2019-02-06 00:00:00,2019-06-20 10:56:39,190052,Approved,1,Goods,3053200960,"Sleeve, adapter, H311",Spare parts,Bearings,Bearings,Bearing PR.,,Each,Buyer_01,9036,Vendor_084,30 days,Site_061,CLOSED,Valid,Valid,6,6,0,0,EGP,1,6,200,1200,1200
ASF,2019-01-17 00:00:00,2019-02-06 00:00:00,2019-06-20 10:56:39,190052,Approved,2,Goods,3020900780,"Bearing, 22211 EK/C3",Spare parts,Bearings,Bearings,Bearing PR.,,Each,Buyer_01,9036,Vendor_084,30 days,Site_061,CLOSED,Valid,Valid,4,4,0,0,EGP,1,4,700,2800,2800
ESCC,2019-01-16 00:00:00,2019-03-03 00:00:00,2019-08-04 15:06:44,190031,Approved,1,Goods,3030710456,"Complete Helical Geared motor Flange mount M0822 MMR Ratio 20/1 with motor 7.5Kw 132 , B5 Frame , 4Pole equivalent to SEW  type RF87 AR132S/M/WEX /113GD M3GP132SMD4.",Spare parts,Mechanical items,mechanical items for clinker production area (400),Geared Motor,,Each,Buyer_06,9139,Vendor_154,60 days,Site_074,CLOSED,Valid,Valid,1,1,0,0,EGP,1,1,43309,43309,43309
EMAS,2019-01-16 00:00:00,2019-09-11 00:00:00,2019-10-13 12:39:27,190032,Approved,1,Goods,3110200002,"Air service unit, consists of oil lubricator, water trap and regulator, size 1-2 in",Spare parts,Mechanical items,Mechanical Miscellaneous,Air service unit,,Each,Buyer_03,9091,Vendor_113,14 days,Site_071,CLOSED,Canceled,Canceled,0,0,0,5,EGP,1,0,500,0,0
EMAS,2019-01-16 00:00:00,2019-06-16 00:00:00,2019-09-17 16:28:20,190033,Approved,1,Goods,3021608682,"Bearing, spherical plain, type SKF GE 240 ES-2RS, for Oil and air connection of atox mill",Spare parts,Bearings,Bearings,Bearing for atox mill.,,Each,Buyer_01,9079,Vendor_111,30 days,Site_046,CLOSED,Valid,Valid,2,2,0,0,EGP,1,2,50000,100000,100000
EMAS,2019-01-16 00:00:00,2019-03-03 00:00:00,2019-12-22 16:33:47,190034,Approved,1,Goods,3051101952,"Hose, stainless steel, d=40 mm,L=5.0 m,PN 25, with two flangs dwg.no. 7.000227, size 40 mm, for Oil/Gas firing equipment of 431.BU510",Spare parts,Mechanical items,mechanical items for clinker production area (400),Hose for kiln burner.,,Each,Buyer_01,9104,Vendor_076,Immediate,Site_106,CLOSED,Valid,Valid,1,1,0,0,EGP,1,1,1250,1250,1250
EGYLUX,2019-01-16 00:00:00,2019-02-06 00:00:00,2019-03-04 10:32:12,190035,Approved,1,Goods,3010911343,"Seal, oil, BASL 150X180x12",Spare parts,Mechanical items,Mechanical Miscellaneous,Oil seal for gearbox of b. conveyor 241-BC100.,,Each,Buyer_01,9074,Vendor_110,Immediate,Site_097,CLOSED,Valid,Valid,2,2,0,0,EGP,1,2,124,248,248
ESCC,2019-01-16 00:00:00,2019-02-06 00:00:00,2019-09-19 16:06:34,190037,Approved,1,Goods,3010900627,"Seal, oil, 130x160x15",Spare parts,Mechanical items,Mechanical Miscellaneous,Oil Seal.,,Each,Buyer_01,9079,Vendor_111,30 days,Site_046,CLOSED,Valid,Valid,4,4,0,0,EGP,1,4,120,480,480
EGYLUX,2019-01-16 00:00:00,,,190038,Rejected,1,Goods,3010606073,"O-ring, 8 mm, material VITON 70 Shore A",Spare parts,Mechanical items,Mechanical Miscellaneous,O - Ring.,,Meter,Buyer_01,9074,Vendor_110,30 days,Site_097,OPEN,Valid,Valid,0,0,0,0,EGP,1,30,130,3900,3900
EGYLUX,2019-01-16 00:00:00,2019-03-03 00:00:00,2019-06-10 12:58:49,190039,Approved,1,Goods,3050306190,"Ring, positioning, dwg. No. 3.133495, material no.: 1.7225 ( 42CrMo4 ), SPL 50030850, item no. 05.01.03.03, for bearing arrangement, for air separator, for atox raw mill",Spare parts,Mechanical items,mechanical items for raw meal production area (300),Bushings for air separator of Atox mill.,,Each,Buyer_05,9093,Vendor_088,14 days,Site_064,CLOSED,Valid,Valid,2,2,0,0,EGP,1,2,4800,9600,9600
EMAS,2019-01-16 00:00:00,2019-03-03 00:00:00,2019-06-10 12:58:49,190039,Approved,2,Goods,3050306191,"Ring, wear, dwg. No. 3.133496, material no.: 1.7225 ( 42CrMo4 ), SPL 50030850, item no. 05.01.03.12, for bearing arrangement, for air separator, for atox raw mill",Spare parts,Mechanical items,mechanical items for raw meal production area (300),Bushings for air separator of Atox mill.,,Each,Buyer_05,9093,Vendor_088,14 days,Site_064,CLOSED,Valid,Valid,2,2,0,0,EGP,1,2,4500,9000,9000
EMAS,2019-01-16 00:00:00,2019-06-16 00:00:00,2020-03-18 16:49:19,190040,Approved,1,Goods,3130106596,"Module, for compressor ZE4 ? S90480201, Atlas copco",Spare parts,Electrical items,Instrumentation,Spare parts for compressors ZE4,,Each,Buyer_01,9022,Vendor_023,30 days,Site_058,CLOSED,Valid,Valid,1,1,0,0,EGP,1,1,26732,26732,26732
EGYLUX,2019-01-16 00:00:00,2019-06-16 00:00:00,2020-03-18 16:49:19,190040,Approved,2,Goods,3130106597,"Expansion module, for compressor ZE4 ? S90480201, Atlas copco",Spare parts,Electrical items,Instrumentation,Spare parts for compressors ZE4,,Each,Buyer_01,9022,Vendor_023,30 days,Site_058,CLOSED,Valid,Valid,1,1,0,0,EGP,1,1,18453,18453,18453
ESCC,2019-01-16 00:00:00,2019-06-16 00:00:00,2020-03-18 16:49:19,190040,Approved,3,Goods,3130206598,"Micromaster, for compressor ZE4 ? S90480201, Atlas copco",Spare parts,Electrical items,Instrumentation,Spare parts for compressors ZE4,,Each,Buyer_01,9022,Vendor_023,30 days,Site_058,CLOSED,Valid,Valid,1,1,0,0,EGP,1,1,58828,58828,58828
ASF,2019-01-16 00:00:00,2019-06-16 00:00:00,2020-03-18 16:49:19,190040,Approved,4,Goods,3130206599,"Pressure Sensor Oil, for compressor ZE4 ? S90480201, Atlas copco",Spare parts,Electrical items,Instrumentation,Spare parts for compressors ZE4,,Each,Buyer_01,9022,Vendor_023,30 days,Site_058,CLOSED,Valid,Valid,1,1,0,0,EGP,1,1,4675,4675,4675
EGYLUX,2019-01-16 00:00:00,2019-06-16 00:00:00,2020-03-18 16:49:19,190040,Approved,5,Goods,3130206600,"Pressure Sensor Air, for compressor ZE4 ? S90480201, Atlas copco",Spare parts,Electrical items,Instrumentation,Spare parts for compressors ZE4,,Each,Buyer_01,9022,Vendor_023,30 days,Site_058,CLOSED,Valid,Valid,1,1,0,0,EGP,1,1,4607,4607,4607
ESCC,2019-01-16 00:00:00,2019-06-16 00:00:00,2020-03-18 16:49:19,190040,Approved,6,Goods,3130206601,"Pressure Sensor IC, for compressor ZE4 ? S90480201, Atlas copco",Spare parts,Electrical items,Instrumentation,Spare parts for compressors ZE4,,Each,Buyer_01,9022,Vendor_023,30 days,Site_058,CLOSED,Valid,Valid,1,1,0,0,EGP,1,1,4777,4777,4777
EMAS,2019-01-16 00:00:00,2019-06-16 00:00:00,2020-03-18 16:49:19,190040,Approved,7,Goods,3130206602,"Temperature sensor, for compressor ZE4 ? S90480201, Atlas copco",Spare parts,Electrical items,Instrumentation,Spare parts for compressors ZE4,,Each,Buyer_01,9022,Vendor_023,30 days,Site_058,CLOSED,Valid,Valid,1,1,0,0,EGP,1,1,1266,1266,1266
EMAS,2019-01-16 00:00:00,2019-06-16 00:00:00,2020-03-18 16:49:19,190040,Approved,8,Goods,3040206604,"Load / No Load Regulation valve, for compressor ZE4 ? S90480201, Atlas copco",Spare parts,Electrical items,Instrumentation,Spare parts for compressors ZE4,,Each,Buyer_01,9022,Vendor_023,30 days,Site_058,CLOSED,Valid,Valid,1,1,0,0,EGP,1,1,17884,17884,17884
ESCC,2019-01-16 00:00:00,,,190041,Rejected,1,Goods,3130201303,"Sensor, temperature sensor, part no. 1089057412, for air compressor GA110W-7.5,GA110W-8.5 and GA132W-8.5, Atlas Copco.",Spare parts,Electrical items,Instrumentation,Spare parts for compressors.,,Each,Buyer_01,9022,Vendor_023,30 days,Site_058,OPEN,Valid,Valid,0,0,0,0,EGP,1,2,1249,2498,2498
ASF,2019-01-16 00:00:00,,,190041,Rejected,2,Goods,3130201304,"Sensor, temperature sensor, part no. 1089057445, for air compressor GA110W-7.5,GA110W-8.5 and GA132W-8.5, Atlas Copco.",Spare parts,Electrical items,Instrumentation,Spare parts for compressors.,,Each,Buyer_01,9022,Vendor_023,30 days,Site_058,OPEN,Valid,Valid,0,0,0,0,EGP,1,2,3816,7632,7632
EMAS,2019-01-16 00:00:00,,,190041,Rejected,3,Goods,3130201305,"Sensor, temperature sensor, part no. 1089057470, for air compressor GA22+-8.5 and GA18+-8.5 and GA132W-8.5, Atlas Copco.",Spare parts,Electrical items,Instrumentation,Spare parts for compressors.,,Each,Buyer_01,9022,Vendor_023,30 days,Site_058,OPEN,Valid,Valid,0,0,0,0,EGP,1,1,1266,1266,1266
EMAS,2019-01-15 00:00:00,2019-06-16 00:00:00,2020-01-02 15:02:34,190025,Approved,1,Goods,3082604987,"Transformer, oil immersed transformer, type MF717, 1500ToRo11-2x0.725, S.N 100709-1, rated capacity 1500KVA, rated voltage 11000-2x725V, connection Dy11-d0, rated current 78.7-2x597, 50Hz, cool type ONAN, for 331FN400 and 431MD140, ABB. ",Strategic,Transformers,Transformers,,,Each,Buyer_04,9037,Vendor_078,,Site_061,CLOSED,Valid,Valid,1,1,0,0,EUR,20.5,1,31700,31700,649850
EMAS,2019-01-15 00:00:00,2019-01-16 00:00:00,2019-03-28 16:15:49,190026,Approved,1,Direct,,"On-sit service, one engineer ",,,,,,Day,Buyer_04,9132,Vendor_019,,Site_035,CLOSED,Valid,Valid,15,15,0,0,USD,17.914,15,200,3000,53742
ESCC,2019-01-15 00:00:00,2019-01-16 00:00:00,2019-03-28 16:15:49,190026,Approved,2,Direct,,Packing and transportation to Cairo Airport,,,,,,Each,Buyer_04,9132,Vendor_019,,Site_035,CLOSED,Valid,Valid,1,1,0,0,USD,17.914,1,6175,6175,110618.95
EGYLUX,2019-01-15 00:00:00,2019-01-16 00:00:00,2019-03-28 16:15:49,190026,Approved,3,Direct,,Round tickets Beijig Cairo(Back and forth),,,,,,Each,Buyer_04,9132,Vendor_019,,Site_035,CLOSED,Valid,Valid,1,1,0,0,USD,17.914,1,2800,2800,50159.2
EMAS,2019-01-15 00:00:00,2019-01-16 00:00:00,2019-03-28 16:15:49,190026,Approved,4,Direct,,"Transformer core, for transformer type ZTS-5800/11(No. 1203136",,,,,,Each,Buyer_04,9132,Vendor_019,,Site_035,CLOSED,Valid,Valid,1,1,0,0,USD,17.914,1,19000,19000,340366
EGYLUX,2019-01-15 00:00:00,,,190027,Rejected,1,Goods,4101110425,"Tube, plate, dwg.no. 10181058, type 2, item no. -22, D = 450 mm, T= 3mm, L= 2790 mm, material no. 1.0038, for bag filter",Spare parts,Mechanical items,mechanical items for clinker production area (400),Tubes for bag filter.,,Each,Buyer_05,9056,Vendor_067,14 days,Site_057,OPEN,Valid,Valid,0,0,0,0,EGP,1,2,1840,3680,3680
ASF,2019-01-15 00:00:00,,,190027,Rejected,2,Goods,4101110426,"Tube, plate, dwg.no. 10181058, type 2, item no. -02, D = 315 mm, T=3 mm, L= 2580 mm, material no. 1.0038, for bag filter",Spare parts,Mechanical items,mechanical items for clinker production area (400),Tubes for bag filter.,,Each,Buyer_05,9056,Vendor_067,14 days,Site_057,OPEN,Valid,Valid,0,0,0,0,EGP,1,2,1200,2400,2400
EMAS,2019-01-15 00:00:00,,,190027,Rejected,3,Goods,4101110427,"Elbow, 30 deg, D= 250 mm, T= 3 mm, dwg.no. 10181058, material 1.0038, item no. -10, for bag filter",Spare parts,Mechanical items,mechanical items for clinker production area (400),Tubes for bag filter.,,Each,Buyer_05,9056,Vendor_067,14 days,Site_057,OPEN,Valid,Valid,0,0,0,0,EGP,1,2,250,500,500
EMAS,2019-01-15 00:00:00,,,190027,Rejected,4,Goods,4101110428,"Elbow, 90 deg, D= 250 mm, T= 3 mm, dwg.no. 10181058, material 1.0038, item no. -14, for bag filter",Spare parts,Mechanical items,mechanical items for clinker production area (400),Tubes for bag filter.,,Each,Buyer_05,9056,Vendor_067,14 days,Site_057,OPEN,Valid,Valid,0,0,0,0,EGP,1,2,375,750,750
ASF,2019-01-15 00:00:00,,,190027,Rejected,5,Goods,4101110429,"Elbow, 45 deg, D= 250 mm, T= 3 mm, dwg.no. 10181058, material 1.0038, item no. -15, for bag filter",Spare parts,Mechanical items,mechanical items for clinker production area (400),Tubes for bag filter.,,Each,Buyer_05,9056,Vendor_067,14 days,Site_057,OPEN,Valid,Valid,0,0,0,0,EGP,1,2,200,400,400
EMAS,2019-01-15 00:00:00,,,190027,Rejected,6,Goods,4101110430,"Bend, 90 deg, D= 450 mm, T= 3 mm, dwg.no. 10181058, material 1.0038, item no. -23, for bag filter",Spare parts,Mechanical items,mechanical items for clinker production area (400),Tubes for bag filter.,,Each,Buyer_05,9056,Vendor_067,14 days,Site_057,OPEN,Valid,Valid,0,0,0,0,EGP,1,1,3000,3000,3000
EGYLUX,2019-01-15 00:00:00,,,190027,Rejected,7,Goods,4101110431,"Tube, steel, dwg.no. 10174031, type 1, item no. -06, DIN 2130, 193.7x4, L= 14665 mm, material no. 1.0038, for bag filter",Spare parts,Mechanical items,mechanical items for clinker production area (400),Tubes for bag filter.,,Each,Buyer_05,9056,Vendor_067,14 days,Site_057,OPEN,Valid,Valid,0,0,0,0,EGP,1,1,7250,7250,7250
ESCC,2019-01-15 00:00:00,,,190027,Rejected,8,Goods,4101110432,"Tube, steel, dwg.no. 10174031, type 1, item no. -10, DIN 2130, 139.7x3, L= 21305 mm, material no. 1.0038, for bag filter",Spare parts,Mechanical items,mechanical items for clinker production area (400),Tubes for bag filter.,,Each,Buyer_05,9056,Vendor_067,14 days,Site_057,OPEN,Valid,Valid,0,0,0,0,EGP,1,1,5500,5500,5500
EGYLUX,2019-01-15 00:00:00,,,190027,Rejected,9,Goods,4101110433,"Tube, plate, dwg.no. 10174031, type 2, item no. -13, D = 250 mm, T= 3mm, L= 21140 mm, material no. 1.0038, for bag filter",Spare parts,Mechanical items,mechanical items for clinker production area (400),Tubes for bag filter.,,Each,Buyer_05,9056,Vendor_067,14 days,Site_057,OPEN,Valid,Valid,0,0,0,0,EGP,1,1,7740,7740,7740
ESCC,2019-01-15 00:00:00,,,190027,Rejected,10,Goods,4101110434,"Tube, plate, dwg.no. 10174031, type 2, item no. -22, D = 280 mm, T= 3mm, L= 5415 mm, material no. 1.0038, for bag filter",Spare parts,Mechanical items,mechanical items for clinker production area (400),Tubes for bag filter.,,Each,Buyer_05,9056,Vendor_067,14 days,Site_057,OPEN,Valid,Valid,0,0,0,0,EGP,1,2,2775,5550,5550
ESCC,2019-01-15 00:00:00,,,190027,Rejected,11,Goods,4101110435,"Tube, plate, dwg.no. 10174031, type 2, item no. -29, D = 400 mm, T= 3mm, L= 2825 mm, material no. 1.0038, for bag filter",Spare parts,Mechanical items,mechanical items for clinker production area (400),Tubes for bag filter.,,Each,Buyer_05,9056,Vendor_067,14 days,Site_057,OPEN,Valid,Valid,0,0,0,0,EGP,1,2,1820,3640,3640
EGYLUX,2019-01-15 00:00:00,,,190027,Rejected,12,Goods,4101110436,"Bend, 90 deg, D= 400 mm, T= 3 mm, dwg.no. 10174031, material 1.0038, item no. -30, for bag filter",Spare parts,Mechanical items,mechanical items for clinker production area (400),Tubes for bag filter.,,Each,Buyer_05,9056,Vendor_067,14 days,Site_057,OPEN,Valid,Valid,0,0,0,0,EGP,1,1,2500,2500,2500
EGYLUX,2019-01-15 00:00:00,,,190027,Rejected,13,Goods,4101110437,"Tube, steel, dwg.no. 10179667, type 1, item no. -04, DIN 2130, 219.1x4, L= 59910 mm, material no. 1.0038, for bag filter",Spare parts,Mechanical items,mechanical items for clinker production area (400),Tubes for bag filter.,,Each,Buyer_05,9056,Vendor_067,14 days,Site_057,OPEN,Valid,Valid,0,0,0,0,EGP,1,1,38100,38100,38100
EGYLUX,2019-01-15 00:00:00,,,190027,Rejected,14,Goods,4101110438,"Tube, plate, dwg.no. 10179667, type 2, item no. -11, D = 315 mm, T= 3mm, L= 4030 mm, material no. 1.0038, for bag filter",Spare parts,Mechanical items,mechanical items for clinker production area (400),Tubes for bag filter.,,Each,Buyer_05,9056,Vendor_067,14 days,Site_057,OPEN,Valid,Valid,0,0,0,0,EGP,1,2,2100,4200,4200
EGYLUX,2019-01-15 00:00:00,,,190027,Rejected,15,Goods,4101110439,"Tube, plate, dwg.no. 10179667, type 2, item no. -16, D = 355 mm, T= 3mm, L= 1360 mm, material no. 1.0038, for bag filter",Spare parts,Mechanical items,mechanical items for clinker production area (400),Tubes for bag filter.,,Each,Buyer_05,9056,Vendor_067,14 days,Site_057,OPEN,Valid,Valid,0,0,0,0,EGP,1,3,700,2100,2100
ASF,2019-01-15 00:00:00,,,190027,Rejected,16,Goods,4101110440,"Tube, plate, dwg.no. 10179667, type 2, item no. -19, D = 450 mm, T= 3mm, L= 9120 mm, material no. 1.0038, for bag filter",Spare parts,Mechanical items,mechanical items for clinker production area (400),Tubes for bag filter.,,Each,Buyer_05,9056,Vendor_067,14 days,Site_057,OPEN,Valid,Valid,0,0,0,0,EGP,1,2,6040,12080,12080
EMAS,2019-01-15 00:00:00,,,190027,Rejected,17,Goods,4101110441,"Tube, plate, dwg.no. 10179667, type 2, item no. -28, D = 500 mm, T= 3mm, L= 2610 mm, material no. 1.0038, for bag filter",Spare parts,Mechanical items,mechanical items for clinker production area (400),Tubes for bag filter.,,Each,Buyer_05,9056,Vendor_067,14 days,Site_057,OPEN,Valid,Valid,0,0,0,0,EGP,1,3,2000,6000,6000
ESCC,2019-01-15 00:00:00,,,190027,Rejected,18,Goods,4101110442,"Tube, plate, dwg.no. 10181058, type 2, item no. -02, D = 315 mm, T= 3 mm, L= 2580 mm, material no. 1.0038, for bag filter",Spare parts,Mechanical items,mechanical items for clinker production area (400),Tubes for bag filter.,,Each,Buyer_05,9056,Vendor_067,14 days,Site_057,OPEN,Valid,Valid,0,0,0,0,EGP,1,3,1200,3600,3600
EGYLUX,2019-01-15 00:00:00,2019-06-16 00:00:00,2019-07-17 14:17:04,190028,Approved,1,Goods,3081202314,"Fuse Standard gG fuse OFAF000H20 20 A 500 V, ABB",Spare parts,Drives,Drives,Fuses,,Each,Buyer_06,9137,Vendor_027,Immediate,Site_076,CLOSED,Canceled,Canceled,0,0,0,3,EGP,1,0,100,0,0
EGYLUX,2019-01-15 00:00:00,2019-06-16 00:00:00,2019-07-17 14:17:04,190028,Approved,2,Goods,3081302387,"Fuse Standard gG fuse OFAF000H40 40 A 500 V, ABB",Spare parts,Electrical items,Operating Panels,Fuses,,Each,Buyer_06,9137,Vendor_027,Immediate,Site_076,CLOSED,Canceled,Canceled,0,0,0,3,EGP,1,0,100,0,0
EGYLUX,2019-01-15 00:00:00,2019-06-16 00:00:00,2019-07-17 14:17:04,190028,Approved,3,Goods,3081307803,"Fuse, type 3NA6-830, NH000-gL-gG, 100A, 500V, Siemens.",Spare parts,Electrical items,Operating Panels,Fuses,,Each,Buyer_06,9137,Vendor_027,Immediate,Site_076,CLOSED,Canceled,Canceled,0,0,0,3,EGP,1,0,120,0,0
ASF,2019-01-15 00:00:00,2019-06-16 00:00:00,2019-07-28 10:17:29,190029,Approved,1,Goods,4092509135,"Sheet, material silicon rubber, width 1000 mm, thick. 3 mm",Spare parts,Mechanical items,Mechanical Miscellaneous,Silicon rubber sheet.,,Meter,Buyer_05,9096,Vendor_092,14 days,Site_084,CLOSED,Valid,Valid,4,4,0,0,EGP,1,4,850,3400,3400
EGYLUX,2019-01-15 00:00:00,2019-06-16 00:00:00,2019-07-28 10:17:29,190029,Approved,2,Goods,3010811218,"Sheet, material silicon rubber, width 1000 mm, thickness 5 mm",Spare parts,Mechanical items,Mechanical Miscellaneous,Silicon rubber sheet.,,Meter,Buyer_05,9096,Vendor_092,14 days,Site_084,CLOSED,Valid,Valid,4,4,0,0,EGP,1,4,1400,5600,5600
EGYLUX,2019-01-15 00:00:00,2019-06-16 00:00:00,2019-07-03 14:28:04,190030,Approved,1,Goods,4100111163,"Screw, cap, socket head, M30X130, steel grade 8.8, DIN 912, black Steel",Spare parts,Workshop material,Fasteners,Fasteners.,,Each,Buyer_05,9108,Vendor_072,14 days,Site_093,CLOSED,Canceled,Canceled,0,0,0,50,EGP,1,0,90,0,0
EGYLUX,2019-01-15 00:00:00,2019-06-16 00:00:00,2019-07-03 14:28:04,190030,Approved,2,Goods,4100111167,"Screw, hexagon head, M24X230, steel grade 10.9, DIN 933, black Steel",Spare parts,Workshop material,Fasteners,Fasteners.,,Each,Buyer_05,9108,Vendor_072,14 days,Site_093,CLOSED,Canceled,Canceled,0,0,0,50,EGP,1,0,55,0,0
EMAS,2019-01-15 00:00:00,2019-06-16 00:00:00,2019-07-03 14:28:04,190030,Approved,3,Goods,4100111168,"Screw, hexagon head, M20X190, steel grade 10.9, DIN 933, black Steel",Spare parts,Workshop material,Fasteners,Fasteners.,,Each,Buyer_05,9108,Vendor_072,14 days,Site_093,CLOSED,Canceled,Canceled,0,0,0,50,EGP,1,0,30,0,0
ASF,2019-01-14 00:00:00,2019-02-06 00:00:00,2019-07-18 14:25:29,190019,Approved,1,Goods,3059902985,"tube, injection, dwg. No. 30016029, material no.: 1.0570, for water injection piping, for table atox mill 45",Spare parts,Mechanical items,mechanical items for raw meal production area (300),Injection tube for Atox mill.,,Each,Buyer_05,9131,Vendor_052,14 days,Site_057,CLOSED,Valid,Valid,4,4,0,0,EGP,1,4,4300,17200,17200
EGYLUX,2019-01-14 00:00:00,2019-01-29 00:00:00,2019-01-31 11:46:19,190020,Approved,1,Goods,7990109200,"Bag, for cement (El SEWEDY), 1ply 90 grm + 1ply 85 grm, capacity 50 kg",Bags (for packing),Bags (for packing),Bags (for packing),Bag for cement,,Each,Buyer_06,9028,Vendor_049,21 days,Site_043,CLOSED,Valid,Valid,880000,880000,0,0,EGP,1,880000,3.591,3160080,3160080
ESCC,2019-01-14 00:00:00,2019-06-16 00:00:00,,190021,Approved,1,Goods,4090800505,"Rod, threaded, M20 mm, length 1m, black steel, DIN 975",Spare parts,Workshop material,Workshop material,Threaded rods.,,Each,Buyer_05,9007,Vendor_021,14 days,Site_077,OPEN,Valid,Valid,10,10,0,0,EGP,1,10,42.5,425,425
ESCC,2019-01-14 00:00:00,2019-06-16 00:00:00,,190021,Approved,2,Goods,4090800506,"Rod, threaded, M24 mm, length 1m, black steel, DIN 975",Spare parts,Workshop material,Workshop material,Threaded rods.,,Each,Buyer_05,9007,Vendor_021,14 days,Site_077,OPEN,Valid,Valid,8,8,0,0,EGP,1,8,65,520,520
ESCC,2019-01-14 00:00:00,2019-06-16 00:00:00,,190021,Approved,3,Goods,4090811202,"Rod, threaded, M33 mm, length 2m, DIN 975",Spare parts,Mechanical items,Fasteners,Threaded rods.,,Each,Buyer_05,9007,Vendor_021,14 days,Site_077,OPEN,Valid,Valid,0,0,0,0,EGP,1,3,300,900,900
ASF,2019-01-14 00:00:00,2019-01-20 00:00:00,2019-02-06 15:38:51,190022,Approved,1,Capex,,New Printer HP LaserJet  608DN / Dispatch,,,,,,Each,Buyer_02,9048,Vendor_047,30 days,Site_107,CLOSED,Valid,Valid,1,1,0,0,EGP,1,1,13500,13500,13500
ASF,2019-01-14 00:00:00,2019-03-03 00:00:00,2019-10-22 16:32:37,190023,Approved,1,Goods,3050306188,"Bushing, upper distance, dwg. No. 3.133497, material no.: 1.7225 ( 42CrMo4 ), SPL 50030850, item no. 05.01.01.08, for bearing arrangememt, for air separator, for atox raw mill",Spare parts,Mechanical items,mechanical items for raw meal production area (300),Bushing for air separator of Atox mill.,,Each,Buyer_05,9141,Vendor_060,14 days,Site_099,CLOSED,Valid,Valid,2,2,0,0,EGP,1,2,2350,4700,4700
ESCC,2019-01-14 00:00:00,2019-03-03 00:00:00,2019-10-22 16:32:37,190023,Approved,2,Goods,3050306189,"Bushing, upper, dwg. No. 3.133498, material no.: 1.7225 ( 42CrMo4 ), SPL 50030850, item no. 05.01.01.19, for bearing arrangememt, for air separator, for atox raw mill",Spare parts,Mechanical items,mechanical items for raw meal production area (300),Bushing for air separator of Atox mill.,,Each,Buyer_05,9141,Vendor_060,14 days,Site_099,CLOSED,Valid,Valid,2,2,0,0,EGP,1,2,2720,5440,5440
EGYLUX,2019-01-13 00:00:00,2019-01-14 00:00:00,2019-03-03 16:48:24,190017,Approved,1,Capex,,Printer 2055 HP LaserJet / Raw Material,,,,,,Each,Buyer_02,9133,Vendor_080,30 days,Site_087,CLOSED,Canceled,Canceled,0,0,0,1,EGP,1,0,1130,0,0
ASF,2019-01-13 00:00:00,2019-02-06 00:00:00,2019-07-08 12:22:30,190018,Approved,1,Direct,,COMPRESSOR  DAIKIN JT335D-YE,,,,Spare parts for air conditioners,,Each,Buyer_03,9023,Vendor_131,Immediate,Site_021,CLOSED,Valid,Valid,1,1,0,0,EGP,1,1,30000,30000,30000
ESCC,2019-01-13 00:00:00,2019-02-06 00:00:00,2019-07-08 12:22:30,190018,Approved,2,Direct,,COMPRESSOR ZR 310 KCE-TWD-522,,,,Spare parts for air conditioners,,Each,Buyer_03,9023,Vendor_131,Immediate,Site_021,CLOSED,Valid,Valid,1,1,0,0,EGP,1,1,75000,75000,75000
ESCC,2019-01-13 00:00:00,2019-02-06 00:00:00,2019-07-08 12:22:30,190018,Approved,3,Direct,,Danfoss commercial compressors model NO SY 300A4 CBE,,,,Spare parts for air conditioners,,Each,Buyer_03,9023,Vendor_131,Immediate,Site_021,CLOSED,Valid,Valid,1,1,0,0,EGP,1,1,70000,70000,70000
EGYLUX,2019-01-09 00:00:00,2019-02-03 00:00:00,2019-03-05 15:34:04,190010,Approved,1,Goods,3130203599,"Thermocouple, Code: ITC-SS446 INCONEL-K-8-22-710.Type K, Length 710mm, Hollow Bar SS446, OD 22mm, ID 9mm, element  size 8mm, with transmitter TH300, output 4-20mA, for temperature range 0-1000Cand as mentioned in the offer..",Spare parts,Electrical items,Instrumentation,Therrmocouples type K,,Each,Buyer_06,9078,Vendor_133,21 days,Site_061,CLOSED,Valid,Valid,8,8,0,0,EGP,1,8,1300,10400,10400
EMAS,2019-01-09 00:00:00,2019-02-03 00:00:00,2019-03-05 15:33:56,190011,Approved,1,Goods,3130202951,"Thermocouple,Code: CTC-SS446-C6-R-0.3-22-710. Type R, Length 710mm, Hollow Bar SS446, OD 22mm, ID 9mm, element size 0.3-0.35mm, with transmitter TH300, output 4-20mA, for temperature range 0-1500C & as mentioned in the offer.",Spare parts,Electrical items,Instrumentation,Thermocouple type R,,Each,Buyer_06,9078,Vendor_133,21 days,Site_061,CLOSED,Valid,Valid,5,5,0,0,EGP,1,5,3600,18000,18000
ASF,2019-01-09 00:00:00,2019-01-21 00:00:00,2019-03-13 10:56:44,190012,Approved,1,Goods,3130202438,"Sensor Code : IRTD-SS316L-1XPT100-A-21.3-700 , PT100, probe length 1000 mm, Dia. 21.3mm, with transmitter type TH300, range 0-150C, FLS code B55.1000.0Z, for 321.IP851& as mentioned in the offer.",Spare parts,Electrical items,Instrumentation,PT100,,Each,Buyer_06,9078,Vendor_133,21 days,Site_061,CLOSED,Valid,Valid,5,5,0,0,EGP,1,5,870,4350,4350
EGYLUX,2019-01-09 00:00:00,2019-02-06 00:00:00,2019-04-08 14:37:42,190013,Approved,1,Goods,3040201874,"Valve, 5/2, type MAV 25 PPS OO, 1/8 inch, max 10 bar, hand operated, supplier METALWORK, sr. no. 7010001500, pos. 21, code 631018Z, for bag holder, for P/Mc",Spare parts,Mechanical items,mechanical items for cement storage and dispatch area (600),Valve,,Each,Buyer_03,9064,Vendor_048,Immediate,Site_065,CLOSED,Canceled,Canceled,0,0,0,6,EGP,1,0,651,0,0
ESCC,2019-01-09 00:00:00,2019-06-16 00:00:00,2019-11-13 14:11:03,190014,Approved,1,Goods,3100306614,"Motor, squirrel cage motor, type M3GP132SMD4, code 3GGP132240-BDH454, power 7.5 kw, 1463 rpm, 400V delta, current 15.9A, 50 Hz, mounting IMB5/IM3001, EX TD A22 T125C, LCIE06ATEX6089, DE 6208 ZZ C3 ?NDE  6208 ZZ C3, for coal mill, ABB. ",Spare parts,motors,motors,,,Each,Buyer_04,9057,Vendor_006,,Site_022,CLOSED,Valid,Valid,1,1,0,0,EUR,20.5,1,936.05,936.05,19189.03
ESCC,2019-01-09 00:00:00,2019-02-06 00:00:00,2019-07-04 12:44:31,190015,Approved,1,Goods,3131106594,"Switch, HT Inductive Proximity Sensor, type IN30-50HT-230EXT-T, 100Hz@230?C, for the kiln tyre, KRIZ SENSORS Ltd.",Spare parts,Electrical items,Instrumentation,,,Each,Buyer_04,9129,Vendor_010,,Site_026,CLOSED,Valid,Valid,2,2,0,0,GBP,22.862,2,247,494,11293.83
EGYLUX,2019-01-03 00:00:00,2019-02-06 00:00:00,2019-03-17 14:50:48,190008,Approved,1,Goods,3053603666,قماش أسطبة قطن 100% علي أن لا يقل المقاس عن 25 سم في 25 سم,Lubricants,Lubricants,Lubricants,Rag according to min-max.,,Kilogram,Buyer_01,9073,Vendor_035,30 days,Site_076,CLOSED,Valid,Valid,500,500,0,0,EGP,1,500,6.75,3375,3375
ASF,2019-01-03 00:00:00,,,190009,Rejected,1,Direct,,supply and install pressure relief valve for the fire fighting network.,,,,supply and install pressure relief valve for the fire fighting network.,,Each,Buyer_03,9109,Vendor_161,14 days,Site_102,OPEN,Valid,Valid,0,0,0,0,EGP,1,1,110000,110000,110000
EMAS,2019-01-02 00:00:00,2019-06-16 00:00:00,2019-09-25 16:03:00,190006,Approved,1,Goods,3060408930,"Pump, piston, type PVQ10-A2L-SE1S-10-C21D-11, , supplier Vickers, for hydraulic thrust system 431.HT120",Spare parts,Mechanical items,mechanical items for clinker production area (400),Pump piston,,Each,Buyer_03,9099,Vendor_112,14 days,Site_080,CLOSED,Valid,Valid,1,1,0,0,EGP,1,1,18000,18000,18000
EMAS,2019-01-02 00:00:00,2019-01-21 00:00:00,2019-01-29 16:04:34,190007,Approved,1,Goods,3010700518,"Silicon, rubber, 220 GR",Spare parts,Mechanical items,Mechanical Miscellaneous,Silicon.,,Each,Buyer_05,9138,Vendor_089,Immediate,Site_079,CLOSED,Valid,Valid,300,300,0,0,EGP,1,300,20.83,6249,6249
ESCC,2019-01-01 00:00:00,2019-02-06 00:00:00,2019-03-04 10:31:28,190001,Approved,1,Goods,4092504087,"Belt, rubber pullies Rema grip bonding, type Metal Primer PR 200, CFC free for cement SC 2000/BC 3000/SC 4000, ref. no. 525 2406, package content 750 g, TIP TOP",Spare parts,Belt conveyor,Belt conveyors,Spare parts for belt conveyors.,,Each,Buyer_01,9062,Vendor_124,30 days,Site_071,CLOSED,Valid,Valid,4,4,0,0,EGP,1,4,200,800,800
ASF,2019-01-01 00:00:00,2019-02-06 00:00:00,2019-03-04 13:03:58,190002,Approved,1,Goods,4092504089,"Repair strip, with fabric ply and steelcord rubber belts, type EP 160, width 150mm, length 10000 mm and thickness 4.6 mm, ref. no. 531 5745, TIP TOP",Spare parts,Belt conveyor,Belt conveyors,Repair strips for rubber belt conveyor.,,Each,Buyer_01,9049,Vendor_151,30 days,Site_106,CLOSED,Valid,Valid,5,5,0,0,EGP,1,5,2750,13750,13750
EMAS,2019-01-01 00:00:00,2019-02-06 00:00:00,2019-03-04 13:03:58,190002,Approved,2,Goods,4092504090,"Repair strip, with fabric ply and steelcord rubber belts, type EP 160, width 220mm, length 10000 mm and thickness 4.6 mm, ref. no. 531 5752, TIP TOP",Spare parts,Belt conveyor,Belt conveyors,Repair strips for rubber belt conveyor.,,Each,Buyer_01,9049,Vendor_151,30 days,Site_106,CLOSED,Valid,Valid,3,3,0,0,EGP,1,3,5150,15450,15450
ASF,2019-01-01 00:00:00,2019-02-06 00:00:00,2019-03-04 13:03:58,190002,Approved,3,Goods,4092504095,"Repair strip, without ply, for rubber belt width 220mm, length 10000 mm and thickness 3.2 mm, ref. no. 531 7750, TIP TOP",Spare parts,Belt conveyor,Belt conveyors,Repair strips for rubber belt conveyor.,,Each,Buyer_01,9049,Vendor_151,30 days,Site_106,CLOSED,Valid,Valid,1,1,0,0,EGP,1,1,3500,3500,3500
ASF,2019-01-01 00:00:00,2019-02-06 00:00:00,2019-03-04 13:03:58,190002,Approved,4,Goods,4092504086,"Belt, rubber Cleaning nonflammable, type cleaning fluid, ref. no. 595 9023, package content 800 ml, TIP TOP",Spare parts,Belt conveyor,Belt conveyors,Repair strips for rubber belt conveyor.,,Each,Buyer_01,9049,Vendor_151,30 days,Site_106,CLOSED,Valid,Valid,3,3,0,0,EGP,1,3,144,432,432
ESCC,2019-01-01 00:00:00,2019-02-06 00:00:00,2019-03-04 10:32:06,190003,Approved,1,Goods,3010911233,"Seal, V-ring seal, Forsheda V-180 A",Spare parts,Mechanical items,mechanical items for raw materials handling area (100),Seals.,,Each,Buyer_01,9074,Vendor_110,30 days,Site_097,CLOSED,Valid,Valid,3,3,0,0,EGP,1,3,206,618,618
EMAS,2019-01-01 00:00:00,2019-02-06 00:00:00,2019-03-04 10:32:06,190003,Approved,2,Goods,3010911234,"Seal, V-ring seal, Forsheda V-220 A",Spare parts,Mechanical items,mechanical items for raw materials handling area (100),Seals.,,Each,Buyer_01,9074,Vendor_110,30 days,Site_097,CLOSED,Valid,Valid,2,2,0,0,EGP,1,2,268,536,536
EGYLUX,2019-01-01 00:00:00,2019-02-06 00:00:00,2019-03-04 10:32:06,190003,Approved,3,Goods,3010911235,"Seal, V-ring seal, Forsheda V-350 A",Spare parts,Mechanical items,mechanical items for raw materials handling area (100),Seals.,,Each,Buyer_01,9074,Vendor_110,30 days,Site_097,CLOSED,Valid,Valid,3,3,0,0,EGP,1,3,506,1518,1518
ESCC,2019-01-01 00:00:00,2019-06-16 00:00:00,2019-07-15 13:36:12,190004,Approved,1,Goods,3110209069,"Air service unit, type B68G-BGK(NNK)-MR1-RLN, size 1.5 inch, 0.4-8 bar, supplier Norgren, for OK cement mill bag house",Spare parts,Mechanical items,mechanical items for cement grinding area (500),Air service unit,,Each,Buyer_03,9071,Vendor_147,14 days,Site_106,CLOSED,Valid,Valid,2,2,0,0,EGP,1,2,9286.25,18572.5,18572.5
EMAS,2019-01-01 00:00:00,,,190005,Rejected,1,Goods,3010500554,"Packing, pure glass fiber, 08X08 mm.",Spare parts,Mechanical items,Mechanical Miscellaneous,Packing for overhaul.,,Kilogram,Buyer_01,,,,,OPEN,Valid,Valid,0,0,0,0,EGP,1,5,45,225,225
EMAS,2019-01-01 00:00:00,,,190005,Rejected,2,Goods,3010506177,"Packing, pure glass fiber, diameter 8 mm",Spare parts,Mechanical items,Mechanical Miscellaneous,Packing for overhaul.,,Kilogram,Buyer_01,,,,,OPEN,Valid,Valid,0,0,0,0,EGP,1,10,45,450,450
